transaction_id,account_id,merchant_id,amount,currency,status,timestamp
e88db4df-7e19-408d-8a74-bab5b598d2ca,fb3ab068-a013-4fa3-b645-2e4d1e431a12,e0c49dc2-333a-4446-b336-ce762207997c,450.25,EUR,COMPLETED,2026-07-21 08:30:42.527626+00:00
48be6599-ac4a-4861-9317-0ceba3dffe41,0f921cca-ccb9-42a6-a4bd-21d29500e206,e0c49dc2-333a-4446-b336-ce762207997c,464.61,EUR,PENDING,2026-07-24 12:36:53.527626+00:00
735238fd-ddb0-431d-957f-4490b512b2a1,eee84023-e24e-4d38-a52c-2edd240bbca1,9ff89d06-2b42-4074-bdf3-191e48e25f21,983.52,EUR,PENDING,2026-07-15 01:22:04.527626+00:00
0fbf71ee-66ea-43e2-b361-fa6d6330bcb1,8da2480d-0883-4de9-b9d0-731028f99356,276c0ddc-3874-471d-a008-88a347abb7c5,875.28,EUR,COMPLETED,2026-07-20 21:39:55.527626+00:00
f4586919-cf9b-4e3a-a9ff-26748ff65593,fb3ab068-a013-4fa3-b645-2e4d1e431a12,fab33a48-6672-407a-a4ed-7c94870a2d38,382.47,EUR,COMPLETED,2026-07-21 16:47:25.527626+00:00
e09ca147-b55d-4af1-9a33-5d103887928b,5b86342c-9a85-4767-9560-691beaf96774,e0c49dc2-333a-4446-b336-ce762207997c,45.23,USD,COMPLETED,2026-07-23 04:19:40.527626+00:00
b359539d-6445-45f9-adc2-829c51d77c86,5eb5e2b5-f8f7-46ba-b9af-1699d67fe647,fab33a48-6672-407a-a4ed-7c94870a2d38,523.53,USD,COMPLETED,2026-07-21 11:24:28.527626+00:00
cd82a919-e7a9-47d2-91db-b2477788ed87,1ab30510-923f-45a5-97ce-ed3dbe331da5,85746e2c-361b-4ccc-a221-de78457c6747,38.65,USD,COMPLETED,2026-07-24 22:14:32.527626+00:00
d90ff21b-03e1-44f9-a0dc-6cb1e8881366,d7a9ce38-189f-44f0-b9b3-8e7d9f59eba8,e0c49dc2-333a-4446-b336-ce762207997c,699.72,EUR,COMPLETED,2026-07-21 19:44:06.527626+00:00
e0ab6bd7-610b-418b-8636-250227172780,8da2480d-0883-4de9-b9d0-731028f99356,da6661be-11f2-4fc0-84f1-5ddc8df5cf5d,861.92,EUR,COMPLETED,2026-07-19 17:54:31.527626+00:00
4634420f-a0f2-45ee-8718-9541ed132443,463ce9a1-1107-4a34-8388-42d466b702e3,85746e2c-361b-4ccc-a221-de78457c6747,652.82,EUR,COMPLETED,2026-07-27 21:25:56.527626+00:00
c98e911a-93f7-458d-a7a8-b9f725138dbb,3a6edd17-38c1-46f7-8476-a7e035968c81,85746e2c-361b-4ccc-a221-de78457c6747,320.71,EUR,COMPLETED,2026-07-21 04:20:33.527626+00:00
e1f0a14d-3a62-4486-ac0d-151f853d4a53,5eb5e2b5-f8f7-46ba-b9af-1699d67fe647,09bb2e41-b2bd-4f24-a140-5990729d784a,98.51,USD,COMPLETED,2026-07-25 14:23:42.527626+00:00
089896c5-7e84-4eed-82d3-cfb4fe797f74,01232d61-a7be-42fd-8d4e-2fe6b1549c93,9ff89d06-2b42-4074-bdf3-191e48e25f21,186.25,USD,COMPLETED,2026-07-19 07:57:10.527626+00:00
dc7765e3-2a2b-47aa-870e-d19d43ed7975,097f191a-76c0-4acb-889e-762e5f392a96,30ae9169-56f6-45a5-835b-16bf12268d25,703.66,EUR,COMPLETED,2026-07-26 20:33:36.527626+00:00
7789b726-28c6-4eb0-b004-69376c292f47,d53f5dbb-eacb-40e7-a458-f9f71d2ff010,85746e2c-361b-4ccc-a221-de78457c6747,1105.83,EUR,COMPLETED,2026-07-19 00:04:01.527626+00:00
a5abd48e-9f7b-496f-8bdb-a1c5e7f80cff,01232d61-a7be-42fd-8d4e-2fe6b1549c93,fab33a48-6672-407a-a4ed-7c94870a2d38,128.07,USD,COMPLETED,2026-07-26 16:09:52.527626+00:00
71633c63-5969-476e-92cf-01b8582c2672,9d34d87f-926b-47ef-985e-7cbd9559d6f8,737a2059-ec01-4fe1-abb4-cda121305369,420.73,USD,COMPLETED,2026-07-15 06:09:46.527626+00:00
ff8f5b51-0494-42ef-9229-da356c867389,2b3fa2ee-08ac-4922-84e1-004e532017a6,da6661be-11f2-4fc0-84f1-5ddc8df5cf5d,298.98,USD,PENDING,2026-07-19 05:30:13.527626+00:00
ddd63e5d-158d-4c77-8bc6-fdd24e7283b6,454961df-3ef6-44c8-885e-2dd9d2fdf984,e0c49dc2-333a-4446-b336-ce762207997c,1151.45,EUR,DECLINED,2026-07-24 20:39:55.527626+00:00
989f6324-3a22-403f-86ba-fbb5bbb105a3,9d34d87f-926b-47ef-985e-7cbd9559d6f8,30ae9169-56f6-45a5-835b-16bf12268d25,800.33,USD,DECLINED,2026-07-15 07:31:55.527626+00:00
39adadbc-e5ef-4520-8736-be960730dfb1,9d34d87f-926b-47ef-985e-7cbd9559d6f8,85746e2c-361b-4ccc-a221-de78457c6747,1165.1,USD,COMPLETED,2026-07-20 21:34:18.527626+00:00
7afa237f-4ac2-4db7-8ab8-e73a18cb90f6,129191fb-fe7f-456a-8158-b008756224f8,85746e2c-361b-4ccc-a221-de78457c6747,1100.85,USD,COMPLETED,2026-07-28 12:48:32.527626+00:00
e5e1a415-5d62-4838-a222-2510ebb63208,0cd2dd71-db27-4825-9cfc-7d58ef5002a9,05864149-9bc5-49f3-8451-20c47f1bb25f,886.21,EUR,COMPLETED,2026-07-17 18:40:56.527626+00:00
0a4cdd3d-6a31-467c-97c8-ace2b1c00679,2b3fa2ee-08ac-4922-84e1-004e532017a6,05864149-9bc5-49f3-8451-20c47f1bb25f,114.49,USD,COMPLETED,2026-07-27 03:52:15.527626+00:00
16ff4d1b-461a-4632-9140-ea3a25fdd2b6,10813582-82e8-4975-95ff-a1cf925b37cf,276c0ddc-3874-471d-a008-88a347abb7c5,182.06,USD,COMPLETED,2026-07-20 15:42:02.527626+00:00
b2727cee-14d3-40c3-92ec-7e3f8949e70f,ba5ff18d-e7c6-4fc4-9240-8e468057da4f,da6661be-11f2-4fc0-84f1-5ddc8df5cf5d,468.62,USD,COMPLETED,2026-07-20 15:59:04.527626+00:00
e41ba16d-d80a-4798-baa8-dafad7cf8eb8,057f08e8-185e-48af-8310-a82360b7dfe0,fab33a48-6672-407a-a4ed-7c94870a2d38,642.11,EUR,COMPLETED,2026-07-23 07:16:23.527626+00:00
abd81788-b6aa-4127-a7c6-87c69e94bfde,fb3ab068-a013-4fa3-b645-2e4d1e431a12,276c0ddc-3874-471d-a008-88a347abb7c5,357.78,EUR,COMPLETED,2026-07-23 23:08:02.527626+00:00
2e22a7cb-9438-482f-83b6-577ebb6f3971,8da2480d-0883-4de9-b9d0-731028f99356,05864149-9bc5-49f3-8451-20c47f1bb25f,1083.35,EUR,COMPLETED,2026-07-21 22:54:15.527626+00:00
71b9e573-0624-42dd-bf94-aec38b02d425,5b86342c-9a85-4767-9560-691beaf96774,05864149-9bc5-49f3-8451-20c47f1bb25f,807.0,USD,COMPLETED,2026-07-27 18:45:31.527626+00:00
ae151c0a-0052-4179-8705-7b0214fc6fdb,3a6edd17-38c1-46f7-8476-a7e035968c81,737a2059-ec01-4fe1-abb4-cda121305369,447.11,EUR,COMPLETED,2026-07-22 15:34:26.527626+00:00
79f12cb8-c22e-4338-83d6-49b918ff2616,1ab30510-923f-45a5-97ce-ed3dbe331da5,9ff89d06-2b42-4074-bdf3-191e48e25f21,337.92,USD,DECLINED,2026-07-24 04:35:16.527626+00:00
f19b0d5d-8b8a-4d58-a916-b9755a01a5c0,dce623a0-18e2-4e18-883e-8f33a08156ab,737a2059-ec01-4fe1-abb4-cda121305369,226.46,USD,COMPLETED,2026-07-16 13:28:42.527626+00:00
54cfeb16-cfe6-43b9-ab87-6705898f0bdd,6a4a743f-23c2-484c-bb91-3dd5d1272915,30ae9169-56f6-45a5-835b-16bf12268d25,488.15,EUR,PENDING,2026-07-18 00:58:58.527626+00:00
2455cc25-1eb4-4bc1-8747-0a3830c1851f,0f921cca-ccb9-42a6-a4bd-21d29500e206,276c0ddc-3874-471d-a008-88a347abb7c5,583.65,EUR,COMPLETED,2026-07-16 21:12:53.527626+00:00
7664d6a4-6317-4dee-bac4-f86dfce052f9,8da2480d-0883-4de9-b9d0-731028f99356,9ff89d06-2b42-4074-bdf3-191e48e25f21,292.37,EUR,COMPLETED,2026-07-21 15:40:56.527626+00:00
a4d4891f-a727-4c6d-a07e-8b9aaf43ceb7,31bf67e4-9cb8-48be-96e4-f61c9b5de353,85746e2c-361b-4ccc-a221-de78457c6747,1096.57,USD,COMPLETED,2026-07-16 14:19:42.527626+00:00
f748d27c-32cd-4da7-b680-dfdf23c5cb7e,454961df-3ef6-44c8-885e-2dd9d2fdf984,05864149-9bc5-49f3-8451-20c47f1bb25f,210.69,EUR,COMPLETED,2026-07-15 12:28:25.527626+00:00
830a92a7-1034-4302-abde-3618c5b0a7c1,107c8fca-4d27-4df1-ba68-8c13f9259ab2,276c0ddc-3874-471d-a008-88a347abb7c5,1028.81,EUR,COMPLETED,2026-07-25 20:50:36.527626+00:00
7c7fcec5-173e-460f-a365-a9e6a29d9f23,80a415b5-9a7c-4dbe-abe7-85d4ee143d64,30ae9169-56f6-45a5-835b-16bf12268d25,855.28,EUR,PENDING,2026-07-21 23:15:27.527626+00:00
ab0c3f8c-82fb-48f1-bcdb-8d925523ba32,0cd2dd71-db27-4825-9cfc-7d58ef5002a9,05864149-9bc5-49f3-8451-20c47f1bb25f,618.64,EUR,COMPLETED,2026-07-25 12:18:29.527626+00:00
d8a1e523-d162-476f-bbdc-7d4150fcd34a,129191fb-fe7f-456a-8158-b008756224f8,05864149-9bc5-49f3-8451-20c47f1bb25f,779.95,USD,PENDING,2026-07-22 09:38:02.527626+00:00
16465477-6a2e-45c3-b31c-f656f9df71f8,107c8fca-4d27-4df1-ba68-8c13f9259ab2,85746e2c-361b-4ccc-a221-de78457c6747,635.46,EUR,COMPLETED,2026-07-23 21:05:28.527626+00:00
23684713-dc2a-4dd9-b075-061726711eec,129191fb-fe7f-456a-8158-b008756224f8,e0c49dc2-333a-4446-b336-ce762207997c,405.85,USD,COMPLETED,2026-07-23 12:41:31.527626+00:00
8f86a3c4-fd19-477d-b661-6d70e255da53,107c8fca-4d27-4df1-ba68-8c13f9259ab2,e0c49dc2-333a-4446-b336-ce762207997c,1020.6,EUR,COMPLETED,2026-07-18 04:25:56.527626+00:00
7c35122c-8279-4315-99bd-526e46ad2071,11076a01-61f8-420e-b913-a04709e0a689,e0c49dc2-333a-4446-b336-ce762207997c,704.42,USD,PENDING,2026-07-25 23:26:28.527626+00:00
0b23ac69-25f4-4cb0-a90a-ae47204a8f6d,29e362a0-5c38-4b14-8885-5e10c8c582b8,da6661be-11f2-4fc0-84f1-5ddc8df5cf5d,847.71,EUR,COMPLETED,2026-07-16 09:12:35.527626+00:00
a0c73fb1-aeab-4507-be9c-b403a760d771,107c8fca-4d27-4df1-ba68-8c13f9259ab2,85746e2c-361b-4ccc-a221-de78457c6747,769.78,EUR,COMPLETED,2026-07-27 11:52:47.527626+00:00
a04f5fa5-9918-427e-aebe-7c0a2b8100c6,d7a9ce38-189f-44f0-b9b3-8e7d9f59eba8,30ae9169-56f6-45a5-835b-16bf12268d25,218.49,EUR,DECLINED,2026-07-17 23:07:30.527626+00:00
f057d8c1-8b1a-4b5e-a44a-6e18e4daebef,5eb5e2b5-f8f7-46ba-b9af-1699d67fe647,737a2059-ec01-4fe1-abb4-cda121305369,1086.54,USD,PENDING,2026-07-17 07:53:40.527626+00:00
0081bfc3-3b99-4e99-baba-7faae2564a93,0f921cca-ccb9-42a6-a4bd-21d29500e206,276c0ddc-3874-471d-a008-88a347abb7c5,1157.51,EUR,COMPLETED,2026-07-21 05:06:02.527626+00:00
a4d9a08c-a58d-4254-aa3d-7ada8b2ee430,201bb8ea-c4d8-41a0-be7a-dd82acf56057,9ff89d06-2b42-4074-bdf3-191e48e25f21,369.7,USD,DECLINED,2026-07-26 23:28:54.527626+00:00
443cbb9d-db72-49a3-aa1e-dcdd666bece4,129191fb-fe7f-456a-8158-b008756224f8,737a2059-ec01-4fe1-abb4-cda121305369,63.41,USD,DECLINED,2026-07-25 13:58:10.527626+00:00
3c7cc04b-5b1b-426a-aa38-77da68474c37,d53f5dbb-eacb-40e7-a458-f9f71d2ff010,9ff89d06-2b42-4074-bdf3-191e48e25f21,967.4,EUR,COMPLETED,2026-07-17 18:28:34.527626+00:00
b436b321-fa0a-4cc5-86c4-5314686a4cad,0cd2dd71-db27-4825-9cfc-7d58ef5002a9,05864149-9bc5-49f3-8451-20c47f1bb25f,497.79,EUR,COMPLETED,2026-07-27 00:07:35.527626+00:00
0fe90172-e05e-4555-8c0c-8915f3c7fc05,d53f5dbb-eacb-40e7-a458-f9f71d2ff010,05864149-9bc5-49f3-8451-20c47f1bb25f,1038.19,EUR,COMPLETED,2026-07-16 18:29:45.527626+00:00
07cd4de0-d840-475f-a4f1-f25c363d6440,29e362a0-5c38-4b14-8885-5e10c8c582b8,30ae9169-56f6-45a5-835b-16bf12268d25,1097.78,EUR,COMPLETED,2026-07-25 09:56:37.527626+00:00
1b804d0e-05e4-407e-9c19-574b4b3d3844,8a5fc77b-73be-4eec-a24e-0da53eadad82,fab33a48-6672-407a-a4ed-7c94870a2d38,846.49,USD,COMPLETED,2026-07-24 04:15:23.527626+00:00
3ca90d3c-19f7-49cb-800e-a2b6ae0b496c,dce623a0-18e2-4e18-883e-8f33a08156ab,fab33a48-6672-407a-a4ed-7c94870a2d38,724.29,USD,COMPLETED,2026-07-16 15:15:25.527626+00:00
f9e9023e-c72a-4c79-a131-70c4ae9afb35,9d34d87f-926b-47ef-985e-7cbd9559d6f8,737a2059-ec01-4fe1-abb4-cda121305369,161.4,USD,PENDING,2026-07-26 11:36:35.527626+00:00
35957263-a3d0-478d-ae1c-5c63c70219aa,8da2480d-0883-4de9-b9d0-731028f99356,85746e2c-361b-4ccc-a221-de78457c6747,363.78,EUR,COMPLETED,2026-07-18 12:11:26.527626+00:00
a32c1b78-782f-4180-9271-786309b8111b,0cd2dd71-db27-4825-9cfc-7d58ef5002a9,276c0ddc-3874-471d-a008-88a347abb7c5,483.78,EUR,COMPLETED,2026-07-22 13:27:14.527626+00:00
2c0e4342-af9d-456d-b293-2c088ff1c4ab,80a415b5-9a7c-4dbe-abe7-85d4ee143d64,e0c49dc2-333a-4446-b336-ce762207997c,430.56,EUR,COMPLETED,2026-07-18 18:49:49.527626+00:00
8592e478-d336-4445-85ef-f409174fb8e7,8da2480d-0883-4de9-b9d0-731028f99356,e0c49dc2-333a-4446-b336-ce762207997c,750.45,EUR,COMPLETED,2026-07-27 09:20:39.527626+00:00
09416eef-b227-4b28-840b-66d1e413c9fb,454961df-3ef6-44c8-885e-2dd9d2fdf984,e0c49dc2-333a-4446-b336-ce762207997c,341.22,EUR,PENDING,2026-07-21 06:01:18.527626+00:00
172115ea-bb1c-4bd7-8b4a-5fd8ce94def0,097f191a-76c0-4acb-889e-762e5f392a96,e0c49dc2-333a-4446-b336-ce762207997c,438.3,EUR,DECLINED,2026-07-16 19:12:13.527626+00:00
c33315ef-4b81-4e27-8267-2a385b02acbd,454961df-3ef6-44c8-885e-2dd9d2fdf984,276c0ddc-3874-471d-a008-88a347abb7c5,1023.8,EUR,DECLINED,2026-07-23 04:51:16.527626+00:00
98288ef1-591e-482b-8531-cff622ed19c7,9d34d87f-926b-47ef-985e-7cbd9559d6f8,85746e2c-361b-4ccc-a221-de78457c6747,883.83,USD,PENDING,2026-07-25 12:07:13.527626+00:00
e8a735b4-8c3b-46cf-b559-c851bf57ff44,463ce9a1-1107-4a34-8388-42d466b702e3,9ff89d06-2b42-4074-bdf3-191e48e25f21,301.57,EUR,PENDING,2026-07-20 11:09:16.527626+00:00
60bdf235-9bb9-4286-aa59-d944f5db2465,6a4a743f-23c2-484c-bb91-3dd5d1272915,276c0ddc-3874-471d-a008-88a347abb7c5,440.89,EUR,COMPLETED,2026-07-19 10:20:58.527626+00:00
5cc5298c-37b8-432f-b0b2-3fa13cd69d99,fb3ab068-a013-4fa3-b645-2e4d1e431a12,09bb2e41-b2bd-4f24-a140-5990729d784a,517.75,EUR,COMPLETED,2026-07-19 13:06:14.527626+00:00
a0e61855-463f-46d6-bed6-3aec7616af28,80a415b5-9a7c-4dbe-abe7-85d4ee143d64,9ff89d06-2b42-4074-bdf3-191e48e25f21,951.77,EUR,COMPLETED,2026-07-21 11:29:09.527626+00:00
d893a908-9cb5-4ce7-9766-e4477ca83aa6,31bf67e4-9cb8-48be-96e4-f61c9b5de353,30ae9169-56f6-45a5-835b-16bf12268d25,1024.79,USD,DECLINED,2026-07-23 13:14:39.527626+00:00
38fc1479-a708-4d5b-b34e-5b557e9e63da,201bb8ea-c4d8-41a0-be7a-dd82acf56057,276c0ddc-3874-471d-a008-88a347abb7c5,227.8,USD,DECLINED,2026-07-21 19:17:20.527626+00:00
f2a39aca-c152-490b-a07a-584f08dea510,8a5fc77b-73be-4eec-a24e-0da53eadad82,276c0ddc-3874-471d-a008-88a347abb7c5,943.56,USD,DECLINED,2026-07-21 21:42:25.527626+00:00
20987143-1e1e-4c67-93d7-f42fb0fe1095,129191fb-fe7f-456a-8158-b008756224f8,e0c49dc2-333a-4446-b336-ce762207997c,769.88,USD,COMPLETED,2026-07-23 08:14:50.527626+00:00
87c06d36-e4b9-4996-9ae3-4f113ba567e4,10813582-82e8-4975-95ff-a1cf925b37cf,85746e2c-361b-4ccc-a221-de78457c6747,765.03,USD,PENDING,2026-07-28 12:14:07.527626+00:00
8ddcf2b2-2ec0-4b7a-bbf8-8095e3276692,107c8fca-4d27-4df1-ba68-8c13f9259ab2,fab33a48-6672-407a-a4ed-7c94870a2d38,885.09,EUR,COMPLETED,2026-07-15 00:29:11.527626+00:00
aa703d60-2cf3-4c52-b685-5d3d8fecc8f4,fb3ab068-a013-4fa3-b645-2e4d1e431a12,da6661be-11f2-4fc0-84f1-5ddc8df5cf5d,553.12,EUR,COMPLETED,2026-07-20 00:46:30.527626+00:00
1ba46322-4fe2-472b-a4f5-48dd864b8504,01232d61-a7be-42fd-8d4e-2fe6b1549c93,fab33a48-6672-407a-a4ed-7c94870a2d38,177.33,USD,COMPLETED,2026-07-26 13:55:59.527626+00:00
5bc31963-1392-4e65-b7c7-d1c7dfe296a4,2b3fa2ee-08ac-4922-84e1-004e532017a6,276c0ddc-3874-471d-a008-88a347abb7c5,775.65,USD,COMPLETED,2026-07-24 08:51:47.527626+00:00
c177adc9-a51f-4bc2-9cc8-a49c6c4b7ae5,01232d61-a7be-42fd-8d4e-2fe6b1549c93,85746e2c-361b-4ccc-a221-de78457c6747,917.45,USD,COMPLETED,2026-07-16 10:48:27.527626+00:00
f0f93ac9-67b5-44d2-a696-9e3f16855349,fb3ab068-a013-4fa3-b645-2e4d1e431a12,fab33a48-6672-407a-a4ed-7c94870a2d38,798.29,EUR,COMPLETED,2026-07-18 02:07:50.527626+00:00
cd7ac3ca-8880-4432-ba77-de0b3696bf74,1ab30510-923f-45a5-97ce-ed3dbe331da5,fab33a48-6672-407a-a4ed-7c94870a2d38,115.97,USD,COMPLETED,2026-07-24 05:04:03.527626+00:00
5818c0fc-e540-47fc-b359-df6dbf025faa,107c8fca-4d27-4df1-ba68-8c13f9259ab2,05864149-9bc5-49f3-8451-20c47f1bb25f,96.09,EUR,PENDING,2026-07-17 23:26:16.527626+00:00
30d34100-2439-425a-856f-7e2383271c4f,10813582-82e8-4975-95ff-a1cf925b37cf,85746e2c-361b-4ccc-a221-de78457c6747,1055.92,USD,COMPLETED,2026-07-24 13:01:01.527626+00:00
577f6d82-dab4-4bb9-b3e7-e19d2a874f8e,ba5ff18d-e7c6-4fc4-9240-8e468057da4f,30ae9169-56f6-45a5-835b-16bf12268d25,239.78,USD,DECLINED,2026-07-18 00:19:47.527626+00:00
2dbec6e1-523e-4ad2-81ab-5feb9cbfb2e6,107c8fca-4d27-4df1-ba68-8c13f9259ab2,30ae9169-56f6-45a5-835b-16bf12268d25,599.98,EUR,COMPLETED,2026-07-28 09:31:48.527626+00:00
7f49f605-2bef-4214-a387-6cb558203969,454961df-3ef6-44c8-885e-2dd9d2fdf984,30ae9169-56f6-45a5-835b-16bf12268d25,103.33,EUR,PENDING,2026-07-23 00:50:54.527626+00:00
9df9c005-61d7-4a09-afd7-37b161cb85fe,11076a01-61f8-420e-b913-a04709e0a689,09bb2e41-b2bd-4f24-a140-5990729d784a,853.0,USD,DECLINED,2026-07-25 16:03:05.527626+00:00
36f07271-e4f8-47b5-9460-c6d7e4fc8ca7,5b86342c-9a85-4767-9560-691beaf96774,05864149-9bc5-49f3-8451-20c47f1bb25f,1118.91,USD,DECLINED,2026-07-22 01:42:28.527626+00:00
4842cd68-5ee9-4e86-a4b0-10be00bdd018,8da2480d-0883-4de9-b9d0-731028f99356,e0c49dc2-333a-4446-b336-ce762207997c,146.66,EUR,COMPLETED,2026-07-26 21:39:03.527626+00:00
f79241c9-9a8d-4f83-8f6e-aa0b99b8e088,454961df-3ef6-44c8-885e-2dd9d2fdf984,09bb2e41-b2bd-4f24-a140-5990729d784a,482.09,EUR,COMPLETED,2026-07-19 04:13:18.527626+00:00
a49c6501-fbf6-44c5-8657-92adaec000e2,6a4a743f-23c2-484c-bb91-3dd5d1272915,9ff89d06-2b42-4074-bdf3-191e48e25f21,1088.58,EUR,COMPLETED,2026-07-23 21:45:50.527626+00:00
c7664499-366e-4e52-8d83-e8a643ca2e8e,29e362a0-5c38-4b14-8885-5e10c8c582b8,09bb2e41-b2bd-4f24-a140-5990729d784a,901.49,EUR,COMPLETED,2026-07-26 09:54:30.527626+00:00
a9cbf800-0a92-4935-b106-5993d6dab2d1,29e362a0-5c38-4b14-8885-5e10c8c582b8,05864149-9bc5-49f3-8451-20c47f1bb25f,138.98,EUR,PENDING,2026-07-15 10:11:43.527626+00:00
f02e5006-994e-45f8-acb2-ba01f8a97b03,eee84023-e24e-4d38-a52c-2edd240bbca1,737a2059-ec01-4fe1-abb4-cda121305369,1118.5,EUR,PENDING,2026-07-15 01:24:28.527626+00:00
03625984-0cb5-485e-af28-9f847123ea96,01232d61-a7be-42fd-8d4e-2fe6b1549c93,09bb2e41-b2bd-4f24-a140-5990729d784a,338.14,USD,COMPLETED,2026-07-16 20:42:46.527626+00:00
1d3089e9-8e14-40bf-8236-63390c4ae231,6a4a743f-23c2-484c-bb91-3dd5d1272915,276c0ddc-3874-471d-a008-88a347abb7c5,617.19,EUR,COMPLETED,2026-07-27 22:42:02.527626+00:00
da058512-e129-4c0a-8d44-be2af295bcc1,8a5fc77b-73be-4eec-a24e-0da53eadad82,276c0ddc-3874-471d-a008-88a347abb7c5,719.42,USD,DECLINED,2026-07-20 05:58:39.527626+00:00
bc9fcb6b-c4f7-4e52-8938-15e95955a97b,129191fb-fe7f-456a-8158-b008756224f8,276c0ddc-3874-471d-a008-88a347abb7c5,709.51,USD,DECLINED,2026-07-22 22:10:24.527626+00:00
6f44efc2-0f7e-43a9-8df3-c7a270991d70,8717903d-f64d-481b-9c5f-da4e5ce22501,fab33a48-6672-407a-a4ed-7c94870a2d38,441.54,USD,COMPLETED,2026-07-24 21:20:11.527626+00:00
6e080816-db5f-429f-abfa-6e510704aa70,5b86342c-9a85-4767-9560-691beaf96774,276c0ddc-3874-471d-a008-88a347abb7c5,893.29,USD,COMPLETED,2026-07-20 10:31:30.527626+00:00
07e4f207-304a-4c75-bdcc-8c675f9781e7,3a6edd17-38c1-46f7-8476-a7e035968c81,fab33a48-6672-407a-a4ed-7c94870a2d38,824.57,EUR,DECLINED,2026-07-17 06:17:58.527626+00:00
5ae033f6-ff5f-48d9-a0f9-ee8a5d648833,8a5fc77b-73be-4eec-a24e-0da53eadad82,737a2059-ec01-4fe1-abb4-cda121305369,236.18,USD,COMPLETED,2026-07-21 19:25:53.527626+00:00
2e846779-eaa3-44a0-a4a8-6617977a6c8c,31bf67e4-9cb8-48be-96e4-f61c9b5de353,09bb2e41-b2bd-4f24-a140-5990729d784a,10.12,USD,COMPLETED,2026-07-28 14:00:17.527626+00:00
05ef5eba-0059-4085-8ff7-09185c1a14ef,29e362a0-5c38-4b14-8885-5e10c8c582b8,09bb2e41-b2bd-4f24-a140-5990729d784a,39.62,EUR,DECLINED,2026-07-24 17:53:55.527626+00:00
028752f1-204c-43aa-a6f9-5d597fe6a4ca,454961df-3ef6-44c8-885e-2dd9d2fdf984,276c0ddc-3874-471d-a008-88a347abb7c5,71.0,EUR,PENDING,2026-07-20 03:46:59.527626+00:00
f0e3067b-6cbd-412e-8a3a-0b15ded39ebd,10813582-82e8-4975-95ff-a1cf925b37cf,9ff89d06-2b42-4074-bdf3-191e48e25f21,469.64,USD,COMPLETED,2026-07-16 07:43:17.527626+00:00
62234dbb-4969-4a11-b6ea-f047eaa4495a,097f191a-76c0-4acb-889e-762e5f392a96,e0c49dc2-333a-4446-b336-ce762207997c,585.96,EUR,COMPLETED,2026-07-17 16:47:35.527626+00:00
8ef71306-bce2-41d1-8c9f-cdabf462eb81,1e59abcb-01a9-4def-addd-3e5cf3cf5e5f,9ff89d06-2b42-4074-bdf3-191e48e25f21,508.4,EUR,DECLINED,2026-07-27 10:09:43.527626+00:00
acb1c762-dc86-467e-a45c-2f7d65a4d0ca,d53f5dbb-eacb-40e7-a458-f9f71d2ff010,da6661be-11f2-4fc0-84f1-5ddc8df5cf5d,217.69,EUR,PENDING,2026-07-19 00:44:04.527626+00:00
a959adb6-3754-44ea-a457-7457838b0e5a,fb3ab068-a013-4fa3-b645-2e4d1e431a12,30ae9169-56f6-45a5-835b-16bf12268d25,939.03,EUR,DECLINED,2026-07-27 19:50:56.527626+00:00
6162e1bb-78db-4a40-94ea-da7a35309dd0,097f191a-76c0-4acb-889e-762e5f392a96,9ff89d06-2b42-4074-bdf3-191e48e25f21,684.95,EUR,PENDING,2026-07-22 21:57:04.527626+00:00
dc5b63b8-0596-40c7-b9dd-94d1773eb296,8717903d-f64d-481b-9c5f-da4e5ce22501,85746e2c-361b-4ccc-a221-de78457c6747,157.51,USD,COMPLETED,2026-07-20 04:45:35.527626+00:00
05f8cbd0-0bdd-4a25-8950-4f63fcccd5d2,097f191a-76c0-4acb-889e-762e5f392a96,85746e2c-361b-4ccc-a221-de78457c6747,37.27,EUR,COMPLETED,2026-07-19 14:39:29.527626+00:00
aff28ed9-ac2b-4407-be79-a76b48c36ed7,057f08e8-185e-48af-8310-a82360b7dfe0,e0c49dc2-333a-4446-b336-ce762207997c,121.96,EUR,COMPLETED,2026-07-23 16:58:44.527626+00:00
36587cf9-a0c4-421b-a7fa-023727f5329f,201bb8ea-c4d8-41a0-be7a-dd82acf56057,09bb2e41-b2bd-4f24-a140-5990729d784a,186.53,USD,PENDING,2026-07-15 00:31:09.527626+00:00
cb6abc89-75f5-4d26-977e-63d51c21261a,31bf67e4-9cb8-48be-96e4-f61c9b5de353,da6661be-11f2-4fc0-84f1-5ddc8df5cf5d,28.1,USD,PENDING,2026-07-16 19:34:53.527626+00:00
32d1df88-415e-486a-ac0c-f8ae0844307d,201bb8ea-c4d8-41a0-be7a-dd82acf56057,fab33a48-6672-407a-a4ed-7c94870a2d38,149.73,USD,PENDING,2026-07-23 01:21:19.527626+00:00
6521ec35-8488-404a-8605-4145c3be8078,11076a01-61f8-420e-b913-a04709e0a689,e0c49dc2-333a-4446-b336-ce762207997c,1195.53,USD,PENDING,2026-07-25 02:35:58.527626+00:00
bc4ad50c-7b9c-4a96-8098-1f8096a4ef3e,5b86342c-9a85-4767-9560-691beaf96774,e0c49dc2-333a-4446-b336-ce762207997c,318.31,USD,DECLINED,2026-07-17 21:34:12.527626+00:00
fc8128b4-64e3-440e-aa57-b718d68eeb40,8a5fc77b-73be-4eec-a24e-0da53eadad82,05864149-9bc5-49f3-8451-20c47f1bb25f,438.77,USD,DECLINED,2026-07-20 23:59:40.527626+00:00
f95276af-fa01-4340-9140-385f54ae856a,8da2480d-0883-4de9-b9d0-731028f99356,9ff89d06-2b42-4074-bdf3-191e48e25f21,389.68,EUR,PENDING,2026-07-27 21:19:15.527626+00:00
ea2d2043-8015-4a82-aebe-42716c8d6212,d7a9ce38-189f-44f0-b9b3-8e7d9f59eba8,05864149-9bc5-49f3-8451-20c47f1bb25f,859.61,EUR,COMPLETED,2026-07-18 00:12:56.527626+00:00
9db72a7f-5d15-4a32-85c1-3114f668b6af,1ab30510-923f-45a5-97ce-ed3dbe331da5,09bb2e41-b2bd-4f24-a140-5990729d784a,372.25,USD,COMPLETED,2026-07-26 06:58:11.527626+00:00
e950bf3a-764d-4e86-9454-337b3afba5fe,31bf67e4-9cb8-48be-96e4-f61c9b5de353,05864149-9bc5-49f3-8451-20c47f1bb25f,269.23,USD,PENDING,2026-07-27 18:29:36.527626+00:00
b4b3be99-df28-4ed7-a548-a93fcb55db00,201bb8ea-c4d8-41a0-be7a-dd82acf56057,9ff89d06-2b42-4074-bdf3-191e48e25f21,457.14,USD,COMPLETED,2026-07-15 11:31:34.527626+00:00
7397827e-9db2-4915-adf4-f511fc3f7073,463ce9a1-1107-4a34-8388-42d466b702e3,da6661be-11f2-4fc0-84f1-5ddc8df5cf5d,1034.41,EUR,COMPLETED,2026-07-19 03:05:25.527626+00:00
9802c798-f1f7-4840-929b-b12520bead38,8da2480d-0883-4de9-b9d0-731028f99356,85746e2c-361b-4ccc-a221-de78457c6747,238.7,EUR,COMPLETED,2026-07-24 16:50:26.527626+00:00
75524c7c-1e0e-4ae9-9986-deae7fa63431,097f191a-76c0-4acb-889e-762e5f392a96,85746e2c-361b-4ccc-a221-de78457c6747,14.23,EUR,PENDING,2026-07-16 09:16:27.527626+00:00
f2f6ee92-a0b5-4392-963e-58f0f6c278e9,10813582-82e8-4975-95ff-a1cf925b37cf,85746e2c-361b-4ccc-a221-de78457c6747,660.18,USD,COMPLETED,2026-07-21 09:42:23.527626+00:00
681cc6c4-0a62-4876-9439-3af57c5aa6d9,8da2480d-0883-4de9-b9d0-731028f99356,737a2059-ec01-4fe1-abb4-cda121305369,378.48,EUR,COMPLETED,2026-07-18 03:11:38.527626+00:00
81f5bdad-88b2-44ba-bd9f-3cf0cc07ed93,a13dd77f-79d2-42b7-859e-72a829924748,da6661be-11f2-4fc0-84f1-5ddc8df5cf5d,414.5,EUR,PENDING,2026-07-27 06:00:26.527626+00:00
30817869-5293-470d-b924-8005b3c578c9,d7a9ce38-189f-44f0-b9b3-8e7d9f59eba8,30ae9169-56f6-45a5-835b-16bf12268d25,900.93,EUR,COMPLETED,2026-07-19 03:57:15.527626+00:00
4b7ba8e2-3165-44f8-8a59-e5fdd0345bb0,ba4b032a-75ef-414c-828f-aac7917849e1,fab33a48-6672-407a-a4ed-7c94870a2d38,693.06,USD,PENDING,2026-07-28 08:51:11.527626+00:00
e37be4da-f0d6-427e-83cc-da933a744486,80a415b5-9a7c-4dbe-abe7-85d4ee143d64,da6661be-11f2-4fc0-84f1-5ddc8df5cf5d,543.4,EUR,COMPLETED,2026-07-25 12:59:45.527626+00:00
0fad772c-c584-4f15-98bb-d963aa11e625,8da2480d-0883-4de9-b9d0-731028f99356,85746e2c-361b-4ccc-a221-de78457c6747,838.63,EUR,DECLINED,2026-07-17 05:27:02.527626+00:00
7e84c1e3-2b74-4d81-93ec-4fee98ad515b,ba4b032a-75ef-414c-828f-aac7917849e1,e0c49dc2-333a-4446-b336-ce762207997c,1036.52,USD,COMPLETED,2026-07-28 03:34:07.527626+00:00
30b0662f-be3f-46c6-b1d1-86502de32dfa,8717903d-f64d-481b-9c5f-da4e5ce22501,09bb2e41-b2bd-4f24-a140-5990729d784a,242.89,USD,DECLINED,2026-07-23 05:52:28.527626+00:00
c4892cce-57d3-4a5c-ac3d-2b8a5e59ea42,a13dd77f-79d2-42b7-859e-72a829924748,fab33a48-6672-407a-a4ed-7c94870a2d38,908.18,EUR,COMPLETED,2026-07-23 12:48:21.527626+00:00
e112d34b-b104-41a0-90e2-2f2c024d9434,0f921cca-ccb9-42a6-a4bd-21d29500e206,da6661be-11f2-4fc0-84f1-5ddc8df5cf5d,403.76,EUR,DECLINED,2026-07-16 17:22:11.527626+00:00
30613702-edb8-4f33-9ea6-e9c3a81fe791,8a5fc77b-73be-4eec-a24e-0da53eadad82,e0c49dc2-333a-4446-b336-ce762207997c,518.76,USD,DECLINED,2026-07-27 07:05:51.527626+00:00
e6e2e149-9017-4f9b-82ec-6b95195d30e6,8a5fc77b-73be-4eec-a24e-0da53eadad82,05864149-9bc5-49f3-8451-20c47f1bb25f,784.69,USD,DECLINED,2026-07-26 23:34:46.527626+00:00
f84cbe38-190c-49b9-8c41-f315492ba19d,454961df-3ef6-44c8-885e-2dd9d2fdf984,e0c49dc2-333a-4446-b336-ce762207997c,969.11,EUR,COMPLETED,2026-07-23 17:49:10.527626+00:00
bbf760d4-2968-46c2-a431-da1d4a29493a,8a5fc77b-73be-4eec-a24e-0da53eadad82,da6661be-11f2-4fc0-84f1-5ddc8df5cf5d,1139.34,USD,DECLINED,2026-07-18 18:50:37.527626+00:00
4f71ba50-71b4-40eb-a9ac-264cacb6e355,8a5fc77b-73be-4eec-a24e-0da53eadad82,05864149-9bc5-49f3-8451-20c47f1bb25f,312.66,USD,DECLINED,2026-07-21 05:51:09.527626+00:00
27b8fa86-7d40-4ff0-bdf4-209ef9e02abc,31bf67e4-9cb8-48be-96e4-f61c9b5de353,737a2059-ec01-4fe1-abb4-cda121305369,52.09,USD,COMPLETED,2026-07-22 20:53:40.527626+00:00
51bfb3ea-d89c-45a7-811d-585e89871e80,8a5fc77b-73be-4eec-a24e-0da53eadad82,e0c49dc2-333a-4446-b336-ce762207997c,718.78,USD,COMPLETED,2026-07-27 12:39:20.527626+00:00
e795fa6d-666d-40dc-a5be-6f52f1bb236b,dce623a0-18e2-4e18-883e-8f33a08156ab,da6661be-11f2-4fc0-84f1-5ddc8df5cf5d,730.15,USD,COMPLETED,2026-07-19 09:37:53.527626+00:00
e279d502-f4dc-4a41-98fa-37fc2f91b7ca,fb3ab068-a013-4fa3-b645-2e4d1e431a12,30ae9169-56f6-45a5-835b-16bf12268d25,94.88,EUR,DECLINED,2026-07-16 18:05:59.527626+00:00
fa3d2e59-af86-4b38-ab04-d36d771c8b2f,eee84023-e24e-4d38-a52c-2edd240bbca1,9ff89d06-2b42-4074-bdf3-191e48e25f21,798.81,EUR,COMPLETED,2026-07-16 23:43:02.527626+00:00
fbb1c88d-dc2b-4071-a76e-37f40164219f,fb3ab068-a013-4fa3-b645-2e4d1e431a12,05864149-9bc5-49f3-8451-20c47f1bb25f,1002.96,EUR,COMPLETED,2026-07-23 21:29:56.527626+00:00
f4249932-49d5-4815-b951-c26b6f413759,01232d61-a7be-42fd-8d4e-2fe6b1549c93,85746e2c-361b-4ccc-a221-de78457c6747,676.24,USD,DECLINED,2026-07-15 04:22:21.527626+00:00
e17d552d-f09c-4a84-8aa2-2201c50d9977,097f191a-76c0-4acb-889e-762e5f392a96,da6661be-11f2-4fc0-84f1-5ddc8df5cf5d,189.99,EUR,PENDING,2026-07-22 13:55:36.527626+00:00
84bbd452-92b8-4de0-a7f8-0f7a2d8daf52,1ab30510-923f-45a5-97ce-ed3dbe331da5,737a2059-ec01-4fe1-abb4-cda121305369,365.27,USD,COMPLETED,2026-07-23 23:13:26.527626+00:00
473c7a99-f853-43ba-b391-b70360c851ba,3a6edd17-38c1-46f7-8476-a7e035968c81,fab33a48-6672-407a-a4ed-7c94870a2d38,608.84,EUR,COMPLETED,2026-07-19 02:29:43.527626+00:00
7a8ab73a-77e1-4c33-9505-82ab14ae8a77,a13dd77f-79d2-42b7-859e-72a829924748,09bb2e41-b2bd-4f24-a140-5990729d784a,713.92,EUR,DECLINED,2026-07-25 03:43:29.527626+00:00
af85d80e-1b21-419e-a59e-5d72dc3aa36c,2b3fa2ee-08ac-4922-84e1-004e532017a6,276c0ddc-3874-471d-a008-88a347abb7c5,921.14,USD,COMPLETED,2026-07-28 07:36:54.527626+00:00
1f894380-62af-4e02-a163-f742c4556d70,9d34d87f-926b-47ef-985e-7cbd9559d6f8,85746e2c-361b-4ccc-a221-de78457c6747,84.31,USD,PENDING,2026-07-17 07:30:45.527626+00:00
ff225cff-61a7-42e6-8194-b88177046ef4,8a5fc77b-73be-4eec-a24e-0da53eadad82,e0c49dc2-333a-4446-b336-ce762207997c,671.49,USD,DECLINED,2026-07-16 20:09:32.527626+00:00
e127550f-bafe-4a30-b24e-124fa6030ca1,fb3ab068-a013-4fa3-b645-2e4d1e431a12,e0c49dc2-333a-4446-b336-ce762207997c,1097.69,EUR,COMPLETED,2026-07-27 00:53:14.527626+00:00
7472ed7e-a5b5-4d87-830d-e20589de7c20,8a5fc77b-73be-4eec-a24e-0da53eadad82,85746e2c-361b-4ccc-a221-de78457c6747,1015.4,USD,COMPLETED,2026-07-26 01:09:10.527626+00:00
f5f41a55-163d-4d2f-8db6-5143e990f145,8717903d-f64d-481b-9c5f-da4e5ce22501,9ff89d06-2b42-4074-bdf3-191e48e25f21,980.29,USD,COMPLETED,2026-07-21 11:23:30.527626+00:00
bcb971be-7f10-414c-8977-a97e08d662cd,11076a01-61f8-420e-b913-a04709e0a689,9ff89d06-2b42-4074-bdf3-191e48e25f21,723.22,USD,COMPLETED,2026-07-16 13:10:19.527626+00:00
d82f51c4-442a-4158-a970-9e430191917b,454961df-3ef6-44c8-885e-2dd9d2fdf984,737a2059-ec01-4fe1-abb4-cda121305369,533.51,EUR,COMPLETED,2026-07-28 02:50:22.527626+00:00
0818277c-3d70-4e36-8bd5-489c7c88b293,0f921cca-ccb9-42a6-a4bd-21d29500e206,da6661be-11f2-4fc0-84f1-5ddc8df5cf5d,668.44,EUR,PENDING,2026-07-15 06:07:56.527626+00:00
4d083591-ec0a-4d6e-985f-eca39d113c4d,107c8fca-4d27-4df1-ba68-8c13f9259ab2,05864149-9bc5-49f3-8451-20c47f1bb25f,689.34,EUR,COMPLETED,2026-07-23 18:50:36.527626+00:00
fc014fb5-fe65-4f86-b8be-115b2e0cc327,d53f5dbb-eacb-40e7-a458-f9f71d2ff010,05864149-9bc5-49f3-8451-20c47f1bb25f,314.02,EUR,COMPLETED,2026-07-15 00:05:17.527626+00:00
90a3a23a-1272-4ccb-abd7-aabf7c0bd028,31bf67e4-9cb8-48be-96e4-f61c9b5de353,30ae9169-56f6-45a5-835b-16bf12268d25,410.82,USD,PENDING,2026-07-21 13:03:56.527626+00:00
f55a9e49-9d18-48e5-8cc4-7fc2f576219f,107c8fca-4d27-4df1-ba68-8c13f9259ab2,276c0ddc-3874-471d-a008-88a347abb7c5,1095.28,EUR,COMPLETED,2026-07-27 13:47:32.527626+00:00
ae775a9f-cda1-4209-901e-587a4bed392d,1e59abcb-01a9-4def-addd-3e5cf3cf5e5f,05864149-9bc5-49f3-8451-20c47f1bb25f,922.49,EUR,COMPLETED,2026-07-24 09:48:54.527626+00:00
1b7321bb-fa00-4188-86e4-b219e91badfa,057f08e8-185e-48af-8310-a82360b7dfe0,05864149-9bc5-49f3-8451-20c47f1bb25f,697.69,EUR,COMPLETED,2026-07-21 15:01:54.527626+00:00
7938b3dd-df50-48c7-a6c1-afb5dad70dc3,8da2480d-0883-4de9-b9d0-731028f99356,da6661be-11f2-4fc0-84f1-5ddc8df5cf5d,1091.78,EUR,PENDING,2026-07-18 04:29:51.527626+00:00
9af8d33e-f985-4c9d-8e7b-5790abeeca93,a13dd77f-79d2-42b7-859e-72a829924748,e0c49dc2-333a-4446-b336-ce762207997c,340.49,EUR,COMPLETED,2026-07-15 00:54:15.527626+00:00
21e5c15b-afb5-4069-83a5-6da29ebcaa49,11076a01-61f8-420e-b913-a04709e0a689,e0c49dc2-333a-4446-b336-ce762207997c,161.13,USD,COMPLETED,2026-07-17 15:13:40.527626+00:00
f87ef0ef-6ffa-44a0-8b0c-22ec568f8c43,107c8fca-4d27-4df1-ba68-8c13f9259ab2,e0c49dc2-333a-4446-b336-ce762207997c,278.04,EUR,PENDING,2026-07-27 02:45:21.527626+00:00
411011da-bef4-4acc-b5ed-000d9825588c,057f08e8-185e-48af-8310-a82360b7dfe0,9ff89d06-2b42-4074-bdf3-191e48e25f21,992.78,EUR,COMPLETED,2026-07-27 23:48:23.527626+00:00
7758feb1-067b-4740-afd5-ab18c17d80ce,a13dd77f-79d2-42b7-859e-72a829924748,276c0ddc-3874-471d-a008-88a347abb7c5,317.55,EUR,PENDING,2026-07-28 16:50:55.527626+00:00
e19529f1-d699-40e2-b712-d278142a42f5,057f08e8-185e-48af-8310-a82360b7dfe0,85746e2c-361b-4ccc-a221-de78457c6747,506.91,EUR,COMPLETED,2026-07-25 06:05:02.527626+00:00
d640d9a6-b34c-4542-bc12-db37e380ac1d,8da2480d-0883-4de9-b9d0-731028f99356,276c0ddc-3874-471d-a008-88a347abb7c5,630.34,EUR,PENDING,2026-07-25 03:40:21.527626+00:00
add55674-dd6b-4672-a581-9033b4358b99,057f08e8-185e-48af-8310-a82360b7dfe0,30ae9169-56f6-45a5-835b-16bf12268d25,758.28,EUR,COMPLETED,2026-07-23 23:29:37.527626+00:00
dd54ae69-7ac4-42d8-81b5-af45eba4f334,8da2480d-0883-4de9-b9d0-731028f99356,e0c49dc2-333a-4446-b336-ce762207997c,508.28,EUR,COMPLETED,2026-07-20 17:50:42.527626+00:00
46bb0b86-238a-43b6-a304-e04379e1ab76,3a6edd17-38c1-46f7-8476-a7e035968c81,737a2059-ec01-4fe1-abb4-cda121305369,1108.78,EUR,PENDING,2026-07-15 04:12:18.527626+00:00
c34a9adb-ada3-4844-b43d-3a3cdb661cc5,463ce9a1-1107-4a34-8388-42d466b702e3,fab33a48-6672-407a-a4ed-7c94870a2d38,1156.36,EUR,DECLINED,2026-07-23 20:26:38.527626+00:00
6e0639a8-b241-4694-bb82-8ca5480b91d1,d53f5dbb-eacb-40e7-a458-f9f71d2ff010,fab33a48-6672-407a-a4ed-7c94870a2d38,43.37,EUR,COMPLETED,2026-07-17 08:26:59.527626+00:00
56ba9f02-0943-4917-8b8e-1249a5996246,ba4b032a-75ef-414c-828f-aac7917849e1,85746e2c-361b-4ccc-a221-de78457c6747,616.33,USD,PENDING,2026-07-23 03:54:30.527626+00:00
841dbe07-024f-4dc0-a3e8-4265bb977932,dce623a0-18e2-4e18-883e-8f33a08156ab,276c0ddc-3874-471d-a008-88a347abb7c5,55.28,USD,DECLINED,2026-07-22 11:18:56.527626+00:00
8b39e713-dd08-4302-983c-50cceca9f05c,6a4a743f-23c2-484c-bb91-3dd5d1272915,85746e2c-361b-4ccc-a221-de78457c6747,294.89,EUR,DECLINED,2026-07-19 18:00:26.527626+00:00
9d2eb80e-0dcb-49d5-a015-d5e27b76a36b,1ab30510-923f-45a5-97ce-ed3dbe331da5,9ff89d06-2b42-4074-bdf3-191e48e25f21,1103.91,USD,PENDING,2026-07-28 15:50:05.527626+00:00
a41756ce-d24c-4888-8886-83423f27ca89,8717903d-f64d-481b-9c5f-da4e5ce22501,09bb2e41-b2bd-4f24-a140-5990729d784a,454.26,USD,DECLINED,2026-07-28 01:34:27.527626+00:00
a402a2e4-2033-4b70-a44f-266d061e82c6,29e362a0-5c38-4b14-8885-5e10c8c582b8,fab33a48-6672-407a-a4ed-7c94870a2d38,536.87,EUR,PENDING,2026-07-23 02:02:39.527626+00:00
cd6fb933-76de-4784-8229-6a9c1f465088,fb3ab068-a013-4fa3-b645-2e4d1e431a12,da6661be-11f2-4fc0-84f1-5ddc8df5cf5d,446.69,EUR,COMPLETED,2026-07-23 17:42:14.527626+00:00
aba20d1e-fca5-402f-af68-541c27f65792,5b86342c-9a85-4767-9560-691beaf96774,9ff89d06-2b42-4074-bdf3-191e48e25f21,891.65,USD,COMPLETED,2026-07-18 05:23:32.527626+00:00
ea83e7fc-042f-42b2-a1e0-39c3376b36af,10813582-82e8-4975-95ff-a1cf925b37cf,30ae9169-56f6-45a5-835b-16bf12268d25,910.67,USD,COMPLETED,2026-07-15 01:59:56.527626+00:00
0bb2f38a-9f6f-4901-955e-5ae154c64835,5b86342c-9a85-4767-9560-691beaf96774,9ff89d06-2b42-4074-bdf3-191e48e25f21,38.71,USD,COMPLETED,2026-07-20 15:06:24.527626+00:00
91aa17a1-b6d4-4205-84d0-4bad8df10d1f,057f08e8-185e-48af-8310-a82360b7dfe0,85746e2c-361b-4ccc-a221-de78457c6747,528.0,EUR,DECLINED,2026-07-18 01:55:37.527626+00:00
edf22962-26b7-46d8-9656-2c5c738b4d7f,1e59abcb-01a9-4def-addd-3e5cf3cf5e5f,737a2059-ec01-4fe1-abb4-cda121305369,117.12,EUR,COMPLETED,2026-07-21 20:50:58.527626+00:00
1e6f8bd1-23aa-443b-a0e0-cce542369c5a,d7a9ce38-189f-44f0-b9b3-8e7d9f59eba8,05864149-9bc5-49f3-8451-20c47f1bb25f,22.96,EUR,PENDING,2026-07-20 03:12:46.527626+00:00
18c03c3a-85d0-40cc-bf5a-343a67e139e5,6a4a743f-23c2-484c-bb91-3dd5d1272915,737a2059-ec01-4fe1-abb4-cda121305369,359.07,EUR,COMPLETED,2026-07-28 07:00:57.527626+00:00
7d4d727b-ef12-42a9-a390-23e4c27f7f48,d7a9ce38-189f-44f0-b9b3-8e7d9f59eba8,30ae9169-56f6-45a5-835b-16bf12268d25,495.29,EUR,PENDING,2026-07-26 14:23:40.527626+00:00
60eafb3d-3714-45fc-abc4-1dd2d3490a36,10813582-82e8-4975-95ff-a1cf925b37cf,fab33a48-6672-407a-a4ed-7c94870a2d38,558.59,USD,COMPLETED,2026-07-21 17:17:00.527626+00:00
1990b5dc-3a66-48dd-88be-2a37bee4d3b2,1ab30510-923f-45a5-97ce-ed3dbe331da5,737a2059-ec01-4fe1-abb4-cda121305369,280.73,USD,COMPLETED,2026-07-22 17:50:15.527626+00:00
c12612fe-f85b-4262-80d0-5bf649ae08c9,01232d61-a7be-42fd-8d4e-2fe6b1549c93,e0c49dc2-333a-4446-b336-ce762207997c,188.69,USD,DECLINED,2026-07-18 23:49:06.527626+00:00
b32769d9-10bf-40e5-b5c0-dffa2f2485ce,ba4b032a-75ef-414c-828f-aac7917849e1,e0c49dc2-333a-4446-b336-ce762207997c,466.25,USD,COMPLETED,2026-07-28 08:24:49.527626+00:00
f4115fb7-8a9c-4856-a6bf-c773e4d3cdd0,01232d61-a7be-42fd-8d4e-2fe6b1549c93,85746e2c-361b-4ccc-a221-de78457c6747,608.04,USD,COMPLETED,2026-07-16 14:43:15.527626+00:00
00e5b5fb-2091-4258-9258-ac9267ab5b78,9d34d87f-926b-47ef-985e-7cbd9559d6f8,9ff89d06-2b42-4074-bdf3-191e48e25f21,506.79,USD,COMPLETED,2026-07-26 12:20:42.527626+00:00
b606bf9e-7733-4bad-b1fd-1bb4a1652078,5b86342c-9a85-4767-9560-691beaf96774,276c0ddc-3874-471d-a008-88a347abb7c5,388.81,USD,DECLINED,2026-07-26 14:19:03.527626+00:00
ff50e488-8b0c-4126-a16b-4fff49b4b8ea,454961df-3ef6-44c8-885e-2dd9d2fdf984,e0c49dc2-333a-4446-b336-ce762207997c,396.59,EUR,COMPLETED,2026-07-17 19:50:07.527626+00:00
175cbbc0-1b24-46f2-944b-da917fd73874,0f921cca-ccb9-42a6-a4bd-21d29500e206,85746e2c-361b-4ccc-a221-de78457c6747,318.11,EUR,COMPLETED,2026-07-23 23:18:27.527626+00:00
bf228ac4-bf39-4514-90fc-291adda0fc37,5b86342c-9a85-4767-9560-691beaf96774,e0c49dc2-333a-4446-b336-ce762207997c,886.53,USD,DECLINED,2026-07-18 10:18:31.527626+00:00
887d030f-0d0e-4803-bd5e-c3357ad3adac,29e362a0-5c38-4b14-8885-5e10c8c582b8,276c0ddc-3874-471d-a008-88a347abb7c5,626.81,EUR,DECLINED,2026-07-15 04:14:19.527626+00:00
aa4f43c4-2eff-4f94-be0f-d8862f41efb0,11076a01-61f8-420e-b913-a04709e0a689,737a2059-ec01-4fe1-abb4-cda121305369,990.34,USD,PENDING,2026-07-20 10:06:40.527626+00:00
5fee5ce3-8340-43ca-86c7-1bb88414a521,1e59abcb-01a9-4def-addd-3e5cf3cf5e5f,e0c49dc2-333a-4446-b336-ce762207997c,280.75,EUR,DECLINED,2026-07-15 21:40:44.527626+00:00
06a95bca-5e1e-440f-86f8-7e312b45ba33,201bb8ea-c4d8-41a0-be7a-dd82acf56057,05864149-9bc5-49f3-8451-20c47f1bb25f,912.24,USD,COMPLETED,2026-07-19 09:18:40.527626+00:00
779e49d7-7725-4257-9519-455127873bec,5b86342c-9a85-4767-9560-691beaf96774,09bb2e41-b2bd-4f24-a140-5990729d784a,237.54,USD,COMPLETED,2026-07-23 16:29:34.527626+00:00
8395a07b-19dc-4115-97f3-dc774f172240,1ab30510-923f-45a5-97ce-ed3dbe331da5,fab33a48-6672-407a-a4ed-7c94870a2d38,900.77,USD,COMPLETED,2026-07-22 08:12:38.527626+00:00
d07a7823-edd1-4495-b2c5-8c8f759e73f1,2b3fa2ee-08ac-4922-84e1-004e532017a6,85746e2c-361b-4ccc-a221-de78457c6747,568.67,USD,COMPLETED,2026-07-20 07:21:29.527626+00:00
550b723b-81b7-4d58-8564-f8b5c69b3462,ba5ff18d-e7c6-4fc4-9240-8e468057da4f,276c0ddc-3874-471d-a008-88a347abb7c5,977.73,USD,COMPLETED,2026-07-27 22:36:05.527626+00:00
f0621c0e-8e6d-4489-ae76-38e326c1113f,097f191a-76c0-4acb-889e-762e5f392a96,85746e2c-361b-4ccc-a221-de78457c6747,66.31,EUR,PENDING,2026-07-21 15:31:44.527626+00:00
25e8b2f3-a2d9-4bd5-ad57-7834445f0047,11076a01-61f8-420e-b913-a04709e0a689,85746e2c-361b-4ccc-a221-de78457c6747,827.31,USD,DECLINED,2026-07-15 08:20:36.527626+00:00
5e52e3ee-fb72-4a34-a8ce-462fc04a921d,463ce9a1-1107-4a34-8388-42d466b702e3,9ff89d06-2b42-4074-bdf3-191e48e25f21,444.08,EUR,COMPLETED,2026-07-28 02:36:05.527626+00:00
73196d10-8c7e-40cc-989f-cab1aed243ae,eee84023-e24e-4d38-a52c-2edd240bbca1,85746e2c-361b-4ccc-a221-de78457c6747,115.39,EUR,COMPLETED,2026-07-21 03:23:42.527626+00:00
84c5ce4e-15b5-4030-86f9-096306dd74a4,8da2480d-0883-4de9-b9d0-731028f99356,e0c49dc2-333a-4446-b336-ce762207997c,284.0,EUR,COMPLETED,2026-07-23 20:01:07.527626+00:00
fd245d54-4457-48be-a74e-52406fb19dd7,2b3fa2ee-08ac-4922-84e1-004e532017a6,85746e2c-361b-4ccc-a221-de78457c6747,399.37,USD,COMPLETED,2026-07-15 17:41:25.527626+00:00
df5ecc61-627b-4a7f-8f1b-e8345ecddf8b,eee84023-e24e-4d38-a52c-2edd240bbca1,fab33a48-6672-407a-a4ed-7c94870a2d38,90.49,EUR,PENDING,2026-07-25 17:15:59.527626+00:00
076fcfc4-67e1-44fa-8a98-7c0716a39a69,0cd2dd71-db27-4825-9cfc-7d58ef5002a9,30ae9169-56f6-45a5-835b-16bf12268d25,360.51,EUR,COMPLETED,2026-07-26 22:33:29.527626+00:00
a332bd90-619f-41f7-84bf-638d27c1231a,057f08e8-185e-48af-8310-a82360b7dfe0,da6661be-11f2-4fc0-84f1-5ddc8df5cf5d,317.31,EUR,COMPLETED,2026-07-15 01:35:04.527626+00:00
1079a431-03ee-4c47-9f11-fa19c6104070,8da2480d-0883-4de9-b9d0-731028f99356,85746e2c-361b-4ccc-a221-de78457c6747,346.83,EUR,COMPLETED,2026-07-18 14:16:43.527626+00:00
005aa5af-67b7-4966-8894-c2cc3b5176df,057f08e8-185e-48af-8310-a82360b7dfe0,9ff89d06-2b42-4074-bdf3-191e48e25f21,865.51,EUR,COMPLETED,2026-07-15 16:23:44.527626+00:00
948ebdea-edd2-4c03-bc9d-97777a3589b2,1e59abcb-01a9-4def-addd-3e5cf3cf5e5f,276c0ddc-3874-471d-a008-88a347abb7c5,853.25,EUR,DECLINED,2026-07-21 08:04:14.527626+00:00
8e55f6d4-ca9e-472a-a9a6-69ce23fb2500,097f191a-76c0-4acb-889e-762e5f392a96,09bb2e41-b2bd-4f24-a140-5990729d784a,30.8,EUR,COMPLETED,2026-07-22 06:30:49.527626+00:00
cc7b2e6f-6806-4d32-b6b0-8b190264cf14,8a5fc77b-73be-4eec-a24e-0da53eadad82,e0c49dc2-333a-4446-b336-ce762207997c,539.32,USD,COMPLETED,2026-07-16 17:17:02.527626+00:00
c255c010-419f-4a08-9bcb-ec986498abc8,80a415b5-9a7c-4dbe-abe7-85d4ee143d64,09bb2e41-b2bd-4f24-a140-5990729d784a,733.66,EUR,DECLINED,2026-07-25 05:34:56.527626+00:00
5e511696-bb26-4062-9aad-60a2c8967a94,8717903d-f64d-481b-9c5f-da4e5ce22501,85746e2c-361b-4ccc-a221-de78457c6747,460.1,USD,PENDING,2026-07-21 02:28:54.527626+00:00
7c688800-c265-4506-9636-ba5721984b8d,29e362a0-5c38-4b14-8885-5e10c8c582b8,09bb2e41-b2bd-4f24-a140-5990729d784a,548.28,EUR,COMPLETED,2026-07-15 23:02:23.527626+00:00
b691ef8c-fbee-4d5c-a029-63c9660a0537,6a4a743f-23c2-484c-bb91-3dd5d1272915,da6661be-11f2-4fc0-84f1-5ddc8df5cf5d,491.22,EUR,COMPLETED,2026-07-21 23:58:10.527626+00:00
1529d4fb-ddf4-4acc-b591-d0efdbb1bda2,9d34d87f-926b-47ef-985e-7cbd9559d6f8,737a2059-ec01-4fe1-abb4-cda121305369,220.87,USD,COMPLETED,2026-07-27 00:46:17.527626+00:00
5ee96844-5869-46bc-91c8-cf6fc488b33c,201bb8ea-c4d8-41a0-be7a-dd82acf56057,737a2059-ec01-4fe1-abb4-cda121305369,967.66,USD,DECLINED,2026-07-17 14:12:36.527626+00:00
9d97b8a4-6689-4ef8-930b-0865df326a1f,8a5fc77b-73be-4eec-a24e-0da53eadad82,30ae9169-56f6-45a5-835b-16bf12268d25,1099.02,USD,COMPLETED,2026-07-20 01:27:13.527626+00:00
1e71b3f6-8e52-42a6-ab28-25de9d6bff97,d53f5dbb-eacb-40e7-a458-f9f71d2ff010,fab33a48-6672-407a-a4ed-7c94870a2d38,1026.75,EUR,COMPLETED,2026-07-19 15:57:53.527626+00:00
56e027de-48df-4de6-ae37-22968337590c,454961df-3ef6-44c8-885e-2dd9d2fdf984,fab33a48-6672-407a-a4ed-7c94870a2d38,129.43,EUR,COMPLETED,2026-07-23 04:00:11.527626+00:00
89401a2b-04be-487f-8ffe-4f935bae922a,0cd2dd71-db27-4825-9cfc-7d58ef5002a9,da6661be-11f2-4fc0-84f1-5ddc8df5cf5d,213.83,EUR,COMPLETED,2026-07-15 19:52:04.527626+00:00
42991a94-a300-498a-9c6d-29958bcf407b,d7a9ce38-189f-44f0-b9b3-8e7d9f59eba8,09bb2e41-b2bd-4f24-a140-5990729d784a,194.14,EUR,DECLINED,2026-07-16 12:02:51.527626+00:00
ace1d8d7-5665-484f-ae75-30b0386273d2,0cd2dd71-db27-4825-9cfc-7d58ef5002a9,e0c49dc2-333a-4446-b336-ce762207997c,1008.91,EUR,COMPLETED,2026-07-20 04:30:11.527626+00:00
1026a57f-82f7-4dc1-83f5-1139fdefd4f8,31bf67e4-9cb8-48be-96e4-f61c9b5de353,fab33a48-6672-407a-a4ed-7c94870a2d38,1128.02,USD,PENDING,2026-07-20 21:19:02.527626+00:00
26bc9300-401a-453a-8139-5a079cf38f57,9d34d87f-926b-47ef-985e-7cbd9559d6f8,da6661be-11f2-4fc0-84f1-5ddc8df5cf5d,127.96,USD,COMPLETED,2026-07-23 12:57:34.527626+00:00
53decbf3-4f61-44b1-87af-420c59e97fe1,10813582-82e8-4975-95ff-a1cf925b37cf,276c0ddc-3874-471d-a008-88a347abb7c5,407.58,USD,COMPLETED,2026-07-26 09:25:56.527626+00:00
d25dd634-cc2f-48c8-b8b5-db3a4ae3c243,3a6edd17-38c1-46f7-8476-a7e035968c81,e0c49dc2-333a-4446-b336-ce762207997c,444.96,EUR,DECLINED,2026-07-28 10:38:31.527626+00:00
3e1c7bc1-50ca-4a6a-8cf2-c101fca30360,097f191a-76c0-4acb-889e-762e5f392a96,276c0ddc-3874-471d-a008-88a347abb7c5,496.25,EUR,COMPLETED,2026-07-21 10:06:07.527626+00:00
07d672af-5164-475e-9170-5d51bc6f00c3,11076a01-61f8-420e-b913-a04709e0a689,09bb2e41-b2bd-4f24-a140-5990729d784a,901.54,USD,COMPLETED,2026-07-17 11:21:19.527626+00:00
fb93a3e8-3184-470f-8c62-f2360e7e3374,a13dd77f-79d2-42b7-859e-72a829924748,9ff89d06-2b42-4074-bdf3-191e48e25f21,1160.7,EUR,DECLINED,2026-07-16 15:50:51.527626+00:00
b643267d-c8c9-4224-b920-8163e13aee0d,201bb8ea-c4d8-41a0-be7a-dd82acf56057,05864149-9bc5-49f3-8451-20c47f1bb25f,1060.3,USD,DECLINED,2026-07-17 23:16:36.527626+00:00
1e3bab56-b214-412b-b444-43e7a038236e,ba5ff18d-e7c6-4fc4-9240-8e468057da4f,05864149-9bc5-49f3-8451-20c47f1bb25f,548.89,USD,COMPLETED,2026-07-20 12:38:17.527626+00:00
36d7a687-da19-478c-8721-b6d410623247,31bf67e4-9cb8-48be-96e4-f61c9b5de353,e0c49dc2-333a-4446-b336-ce762207997c,24.62,USD,PENDING,2026-07-20 10:08:06.527626+00:00
6eccb47f-59f7-4b9a-920e-174d0f52f87b,057f08e8-185e-48af-8310-a82360b7dfe0,05864149-9bc5-49f3-8451-20c47f1bb25f,733.8,EUR,DECLINED,2026-07-20 04:08:43.527626+00:00
9b2b2745-3a60-47b0-b3de-d2e23de72b16,201bb8ea-c4d8-41a0-be7a-dd82acf56057,85746e2c-361b-4ccc-a221-de78457c6747,1027.8,USD,COMPLETED,2026-07-18 10:33:06.527626+00:00
53c7cad3-1bc9-4e00-ab7c-0b36bb498a2f,dce623a0-18e2-4e18-883e-8f33a08156ab,30ae9169-56f6-45a5-835b-16bf12268d25,982.24,USD,PENDING,2026-07-20 00:58:33.527626+00:00
d5c425e1-16a4-46be-b1b1-a4f44452963c,0f921cca-ccb9-42a6-a4bd-21d29500e206,30ae9169-56f6-45a5-835b-16bf12268d25,771.85,EUR,DECLINED,2026-07-22 17:16:50.527626+00:00
1d9a6ba7-0560-4c57-a656-259075ef01e7,6a4a743f-23c2-484c-bb91-3dd5d1272915,da6661be-11f2-4fc0-84f1-5ddc8df5cf5d,172.53,EUR,COMPLETED,2026-07-27 21:24:08.527626+00:00
b8cb2eae-d526-40ab-a96e-6aea4c3cad0a,fb3ab068-a013-4fa3-b645-2e4d1e431a12,fab33a48-6672-407a-a4ed-7c94870a2d38,965.37,EUR,COMPLETED,2026-07-15 20:45:51.527626+00:00
75f8075e-0a71-4d90-a891-23c1b7c559d1,057f08e8-185e-48af-8310-a82360b7dfe0,9ff89d06-2b42-4074-bdf3-191e48e25f21,619.91,EUR,COMPLETED,2026-07-23 14:17:25.527626+00:00
1707c941-588f-4ffd-8968-026c6a64ab25,31bf67e4-9cb8-48be-96e4-f61c9b5de353,fab33a48-6672-407a-a4ed-7c94870a2d38,635.23,USD,DECLINED,2026-07-17 10:33:54.527626+00:00
eb90119c-188a-485c-b621-b9aa17606f16,129191fb-fe7f-456a-8158-b008756224f8,05864149-9bc5-49f3-8451-20c47f1bb25f,656.02,USD,COMPLETED,2026-07-21 10:32:57.527626+00:00
fd616b0c-1254-4828-ba48-e6117de8c2de,9d34d87f-926b-47ef-985e-7cbd9559d6f8,05864149-9bc5-49f3-8451-20c47f1bb25f,404.34,USD,COMPLETED,2026-07-17 20:52:04.527626+00:00
4749549a-3695-42ec-a990-f163bf9cf3ac,2b3fa2ee-08ac-4922-84e1-004e532017a6,09bb2e41-b2bd-4f24-a140-5990729d784a,875.67,USD,DECLINED,2026-07-21 11:30:56.527626+00:00
acf1ee1d-127d-4122-b9fb-8d2552094584,5b86342c-9a85-4767-9560-691beaf96774,737a2059-ec01-4fe1-abb4-cda121305369,94.66,USD,COMPLETED,2026-07-25 03:21:14.527626+00:00
a247dadd-b7ab-451d-97be-a4e491430f8a,9d34d87f-926b-47ef-985e-7cbd9559d6f8,e0c49dc2-333a-4446-b336-ce762207997c,152.15,USD,PENDING,2026-07-26 23:18:53.527626+00:00
20d470bc-f42b-4fcb-b825-51009dc2bfc3,d7a9ce38-189f-44f0-b9b3-8e7d9f59eba8,da6661be-11f2-4fc0-84f1-5ddc8df5cf5d,567.11,EUR,COMPLETED,2026-07-23 11:40:42.527626+00:00
f81e169f-38da-41a8-9ab4-e44db410cd63,3a6edd17-38c1-46f7-8476-a7e035968c81,da6661be-11f2-4fc0-84f1-5ddc8df5cf5d,732.64,EUR,DECLINED,2026-07-22 11:07:44.527626+00:00
48039f51-bf99-4f05-bdb3-d3ebce49a9e1,29e362a0-5c38-4b14-8885-5e10c8c582b8,da6661be-11f2-4fc0-84f1-5ddc8df5cf5d,380.63,EUR,COMPLETED,2026-07-23 05:21:34.527626+00:00
08ea24fe-8d4e-409e-9c2b-6825b4fd621d,5b86342c-9a85-4767-9560-691beaf96774,85746e2c-361b-4ccc-a221-de78457c6747,184.84,USD,COMPLETED,2026-07-18 02:44:23.527626+00:00
d633fa6e-b1bc-462b-b90c-ec494f10215b,129191fb-fe7f-456a-8158-b008756224f8,9ff89d06-2b42-4074-bdf3-191e48e25f21,971.53,USD,COMPLETED,2026-07-23 11:22:01.527626+00:00
f1686936-94d5-4ae4-a0d5-1f8990b5bc1c,dce623a0-18e2-4e18-883e-8f33a08156ab,e0c49dc2-333a-4446-b336-ce762207997c,853.34,USD,COMPLETED,2026-07-26 11:28:05.527626+00:00
658b85c1-45e7-478e-be79-09f4b00e2df5,10813582-82e8-4975-95ff-a1cf925b37cf,737a2059-ec01-4fe1-abb4-cda121305369,905.72,USD,COMPLETED,2026-07-25 07:26:06.527626+00:00
6da494de-b01a-4c9d-a533-af7704f578a7,29e362a0-5c38-4b14-8885-5e10c8c582b8,da6661be-11f2-4fc0-84f1-5ddc8df5cf5d,238.53,EUR,COMPLETED,2026-07-26 18:24:37.527626+00:00
7aec9ca1-0eff-4e57-8a4e-674b23acf848,01232d61-a7be-42fd-8d4e-2fe6b1549c93,276c0ddc-3874-471d-a008-88a347abb7c5,77.45,USD,COMPLETED,2026-07-20 03:24:44.527626+00:00
21c79a2c-5480-4e9c-9cb0-3ecc861e2878,5b86342c-9a85-4767-9560-691beaf96774,85746e2c-361b-4ccc-a221-de78457c6747,541.0,USD,COMPLETED,2026-07-26 20:52:44.527626+00:00
b8838e9c-e6c1-4cd3-8c90-6da48c30d930,0cd2dd71-db27-4825-9cfc-7d58ef5002a9,737a2059-ec01-4fe1-abb4-cda121305369,165.0,EUR,COMPLETED,2026-07-27 21:03:56.527626+00:00
1acfcdc6-33b4-401e-837c-382f7080ba5e,ba5ff18d-e7c6-4fc4-9240-8e468057da4f,09bb2e41-b2bd-4f24-a140-5990729d784a,315.29,USD,COMPLETED,2026-07-23 04:24:05.527626+00:00
be44c718-4c00-417a-871c-fe106644d576,10813582-82e8-4975-95ff-a1cf925b37cf,da6661be-11f2-4fc0-84f1-5ddc8df5cf5d,993.44,USD,COMPLETED,2026-07-21 03:47:47.527626+00:00
a293db4a-5c94-4f9e-908f-f4a176168c93,8da2480d-0883-4de9-b9d0-731028f99356,9ff89d06-2b42-4074-bdf3-191e48e25f21,190.16,EUR,DECLINED,2026-07-26 02:31:06.527626+00:00
759c89ba-9ed1-4c79-8deb-ff11b1bbcfbb,6a4a743f-23c2-484c-bb91-3dd5d1272915,e0c49dc2-333a-4446-b336-ce762207997c,480.27,EUR,PENDING,2026-07-25 11:09:42.527626+00:00
efa354f9-cf58-4197-b75a-5b0a58f790bb,5eb5e2b5-f8f7-46ba-b9af-1699d67fe647,da6661be-11f2-4fc0-84f1-5ddc8df5cf5d,459.73,USD,PENDING,2026-07-18 09:55:07.527626+00:00
2ffa0834-9693-4468-8010-d2fd973a8083,454961df-3ef6-44c8-885e-2dd9d2fdf984,30ae9169-56f6-45a5-835b-16bf12268d25,924.93,EUR,DECLINED,2026-07-28 15:06:30.527626+00:00
d08ae746-cd44-4045-b168-faca798f4edc,454961df-3ef6-44c8-885e-2dd9d2fdf984,fab33a48-6672-407a-a4ed-7c94870a2d38,97.23,EUR,COMPLETED,2026-07-18 20:09:58.527626+00:00
0bc381d6-d8e1-4b6b-b4d2-b957f6801779,dce623a0-18e2-4e18-883e-8f33a08156ab,09bb2e41-b2bd-4f24-a140-5990729d784a,798.79,USD,DECLINED,2026-07-21 14:24:06.527626+00:00
c4a92587-173b-4d82-857e-68fc543d17f8,a13dd77f-79d2-42b7-859e-72a829924748,9ff89d06-2b42-4074-bdf3-191e48e25f21,547.71,EUR,COMPLETED,2026-07-27 02:44:18.527626+00:00
c8c961b0-295f-4e37-802c-43a7104cd6e0,3a6edd17-38c1-46f7-8476-a7e035968c81,09bb2e41-b2bd-4f24-a140-5990729d784a,313.79,EUR,DECLINED,2026-07-24 08:45:19.527626+00:00
e1a0ec95-1f87-4cf1-88c5-0facd7d4ac2d,8717903d-f64d-481b-9c5f-da4e5ce22501,05864149-9bc5-49f3-8451-20c47f1bb25f,925.63,USD,COMPLETED,2026-07-16 17:45:26.527626+00:00
0242ef6b-b672-4aa0-9f2d-54ca17c1d134,dce623a0-18e2-4e18-883e-8f33a08156ab,30ae9169-56f6-45a5-835b-16bf12268d25,385.0,USD,PENDING,2026-07-16 15:23:53.527626+00:00
ea65c24a-74eb-417b-8130-6f6c5d279616,10813582-82e8-4975-95ff-a1cf925b37cf,05864149-9bc5-49f3-8451-20c47f1bb25f,999.52,USD,COMPLETED,2026-07-27 11:52:50.527626+00:00
9f25d34d-f2e9-4ea7-ab64-1b2c0fcfd596,d7a9ce38-189f-44f0-b9b3-8e7d9f59eba8,30ae9169-56f6-45a5-835b-16bf12268d25,762.38,EUR,COMPLETED,2026-07-28 08:21:33.527626+00:00
b2eeae56-4540-431a-92f6-89cb29c81cff,2b3fa2ee-08ac-4922-84e1-004e532017a6,737a2059-ec01-4fe1-abb4-cda121305369,252.75,USD,COMPLETED,2026-07-24 13:22:51.527626+00:00
26681f15-a40a-4bb2-b2a0-0eab809945b4,8717903d-f64d-481b-9c5f-da4e5ce22501,9ff89d06-2b42-4074-bdf3-191e48e25f21,961.43,USD,PENDING,2026-07-19 21:56:04.527626+00:00
f5f7e76c-4f90-4553-b631-e025c5c97e93,ba4b032a-75ef-414c-828f-aac7917849e1,fab33a48-6672-407a-a4ed-7c94870a2d38,674.2,USD,COMPLETED,2026-07-25 14:42:30.527626+00:00
f2983a90-1d2e-45f0-b289-348563bce784,5b86342c-9a85-4767-9560-691beaf96774,fab33a48-6672-407a-a4ed-7c94870a2d38,409.19,USD,COMPLETED,2026-07-21 13:27:43.527626+00:00
77bf4ce8-6d8b-4086-a214-00e1d6d47a59,ba4b032a-75ef-414c-828f-aac7917849e1,737a2059-ec01-4fe1-abb4-cda121305369,705.91,USD,COMPLETED,2026-07-24 10:36:20.527626+00:00
8dbc7865-e822-49b9-8379-6361132612f8,9d34d87f-926b-47ef-985e-7cbd9559d6f8,737a2059-ec01-4fe1-abb4-cda121305369,454.23,USD,COMPLETED,2026-07-21 13:31:20.527626+00:00
a6a062a4-34f3-4451-a899-e990e6a61d85,463ce9a1-1107-4a34-8388-42d466b702e3,09bb2e41-b2bd-4f24-a140-5990729d784a,606.0,EUR,DECLINED,2026-07-17 04:39:52.527626+00:00
81093247-1181-48d0-abb4-3a0b29741106,6a4a743f-23c2-484c-bb91-3dd5d1272915,da6661be-11f2-4fc0-84f1-5ddc8df5cf5d,714.39,EUR,DECLINED,2026-07-15 03:25:39.527626+00:00
b9f23894-9148-4c3d-866a-6f96e515390d,a13dd77f-79d2-42b7-859e-72a829924748,e0c49dc2-333a-4446-b336-ce762207997c,765.2,EUR,COMPLETED,2026-07-22 20:15:59.527626+00:00
df80671b-8f11-4155-8bd7-6c529b6977c0,5b86342c-9a85-4767-9560-691beaf96774,85746e2c-361b-4ccc-a221-de78457c6747,321.71,USD,COMPLETED,2026-07-26 03:10:03.527626+00:00
dd5302f3-9948-49e6-b10e-52ffb4962b1a,d53f5dbb-eacb-40e7-a458-f9f71d2ff010,da6661be-11f2-4fc0-84f1-5ddc8df5cf5d,480.4,EUR,COMPLETED,2026-07-17 08:25:29.527626+00:00
1d6a3bd9-90e9-4e13-bb83-f6d734ff8d42,3a6edd17-38c1-46f7-8476-a7e035968c81,30ae9169-56f6-45a5-835b-16bf12268d25,166.69,EUR,DECLINED,2026-07-25 00:19:51.527626+00:00
d118220c-df3b-4479-9eca-b94ae3a9c731,d53f5dbb-eacb-40e7-a458-f9f71d2ff010,e0c49dc2-333a-4446-b336-ce762207997c,160.02,EUR,DECLINED,2026-07-22 02:53:34.527626+00:00
d0f06197-7a6c-47d9-8c36-75ec80f80dbf,0f921cca-ccb9-42a6-a4bd-21d29500e206,da6661be-11f2-4fc0-84f1-5ddc8df5cf5d,411.97,EUR,DECLINED,2026-07-18 06:32:31.527626+00:00
925b7159-741f-4588-9ebc-11ab7a356f10,01232d61-a7be-42fd-8d4e-2fe6b1549c93,276c0ddc-3874-471d-a008-88a347abb7c5,477.53,USD,COMPLETED,2026-07-27 15:37:22.527626+00:00
dbcdaffd-ea58-42c4-b693-49d229cc8581,201bb8ea-c4d8-41a0-be7a-dd82acf56057,737a2059-ec01-4fe1-abb4-cda121305369,197.59,USD,COMPLETED,2026-07-16 06:46:39.527626+00:00
0e9f41bd-1349-4d5b-9e52-f346be594c0e,dce623a0-18e2-4e18-883e-8f33a08156ab,85746e2c-361b-4ccc-a221-de78457c6747,524.89,USD,COMPLETED,2026-07-24 21:25:21.527626+00:00
f621a521-b2fa-4a55-ab21-1c20e2506e59,8da2480d-0883-4de9-b9d0-731028f99356,da6661be-11f2-4fc0-84f1-5ddc8df5cf5d,729.7,EUR,COMPLETED,2026-07-16 03:28:59.527626+00:00
6cdf5510-9626-4a7f-ae8c-56e48263e8fa,ba4b032a-75ef-414c-828f-aac7917849e1,9ff89d06-2b42-4074-bdf3-191e48e25f21,1077.5,USD,COMPLETED,2026-07-24 23:40:47.527626+00:00
90c6d7d2-dc9a-4194-a677-3e63a6015a6f,01232d61-a7be-42fd-8d4e-2fe6b1549c93,e0c49dc2-333a-4446-b336-ce762207997c,1182.64,USD,COMPLETED,2026-07-22 19:04:48.527626+00:00
69e44b24-7597-432e-97f7-df2b9ef461dc,454961df-3ef6-44c8-885e-2dd9d2fdf984,9ff89d06-2b42-4074-bdf3-191e48e25f21,431.67,EUR,PENDING,2026-07-28 12:04:28.527626+00:00
933654fc-b936-4af9-9ca4-e57a9d9f651b,463ce9a1-1107-4a34-8388-42d466b702e3,276c0ddc-3874-471d-a008-88a347abb7c5,567.23,EUR,DECLINED,2026-07-16 12:47:30.527626+00:00
5962fbc6-47c0-4f14-8847-ed56f24030e6,107c8fca-4d27-4df1-ba68-8c13f9259ab2,e0c49dc2-333a-4446-b336-ce762207997c,509.76,EUR,COMPLETED,2026-07-22 16:09:17.527626+00:00
92d1adba-3995-4b72-96d9-f4be8afa6bba,8717903d-f64d-481b-9c5f-da4e5ce22501,da6661be-11f2-4fc0-84f1-5ddc8df5cf5d,85.88,USD,DECLINED,2026-07-26 17:55:56.527626+00:00
1a118f54-f5fa-4ff8-905f-0a6a83697aa2,01232d61-a7be-42fd-8d4e-2fe6b1549c93,737a2059-ec01-4fe1-abb4-cda121305369,205.55,USD,DECLINED,2026-07-26 16:08:49.527626+00:00
29ca5f7e-61e7-4a59-ac4c-52cd29ce5be1,8da2480d-0883-4de9-b9d0-731028f99356,fab33a48-6672-407a-a4ed-7c94870a2d38,551.93,EUR,COMPLETED,2026-07-15 20:09:33.527626+00:00
11b46f82-13da-4535-b995-480dc4a2293c,a13dd77f-79d2-42b7-859e-72a829924748,276c0ddc-3874-471d-a008-88a347abb7c5,97.24,EUR,COMPLETED,2026-07-19 22:21:20.527626+00:00
cfbda1c7-e56b-4757-938b-b9e01b26204f,5b86342c-9a85-4767-9560-691beaf96774,9ff89d06-2b42-4074-bdf3-191e48e25f21,254.95,USD,COMPLETED,2026-07-15 18:19:32.527626+00:00
bcce2f8a-d889-49d5-b0ac-d35d5467d507,ba5ff18d-e7c6-4fc4-9240-8e468057da4f,fab33a48-6672-407a-a4ed-7c94870a2d38,591.22,USD,DECLINED,2026-07-26 15:38:04.527626+00:00
0cb2dffe-514a-4ec9-8d28-3517b8e41961,463ce9a1-1107-4a34-8388-42d466b702e3,05864149-9bc5-49f3-8451-20c47f1bb25f,12.87,EUR,PENDING,2026-07-25 06:57:37.527626+00:00
e1991eae-763e-4dff-af3b-e36c0110224a,8717903d-f64d-481b-9c5f-da4e5ce22501,da6661be-11f2-4fc0-84f1-5ddc8df5cf5d,462.05,USD,COMPLETED,2026-07-18 10:59:54.527626+00:00
9132c860-d1c4-44ae-bcfc-299084eee2a4,463ce9a1-1107-4a34-8388-42d466b702e3,da6661be-11f2-4fc0-84f1-5ddc8df5cf5d,692.05,EUR,COMPLETED,2026-07-15 15:06:13.527626+00:00
461f3e30-f6dd-464f-9fd4-aafbe2c65d5a,fb3ab068-a013-4fa3-b645-2e4d1e431a12,737a2059-ec01-4fe1-abb4-cda121305369,78.91,EUR,PENDING,2026-07-19 06:04:46.527626+00:00
68165e9f-b3a6-4ac3-b257-e79fd475af7d,057f08e8-185e-48af-8310-a82360b7dfe0,da6661be-11f2-4fc0-84f1-5ddc8df5cf5d,1043.57,EUR,PENDING,2026-07-23 00:21:41.527626+00:00
2527986d-9107-46c7-a4a1-77b1f90200f3,11076a01-61f8-420e-b913-a04709e0a689,737a2059-ec01-4fe1-abb4-cda121305369,130.51,USD,DECLINED,2026-07-16 15:44:16.527626+00:00
10b614a2-e5a8-4977-943f-93d7b9f5433f,057f08e8-185e-48af-8310-a82360b7dfe0,05864149-9bc5-49f3-8451-20c47f1bb25f,419.65,EUR,COMPLETED,2026-07-20 03:35:20.527626+00:00
c2ca7a98-0685-4360-bd11-f0c3c904b3b1,057f08e8-185e-48af-8310-a82360b7dfe0,fab33a48-6672-407a-a4ed-7c94870a2d38,789.5,EUR,COMPLETED,2026-07-15 03:25:48.527626+00:00
b8161dc0-5876-4df6-89c9-1c3cfc38e9e3,10813582-82e8-4975-95ff-a1cf925b37cf,09bb2e41-b2bd-4f24-a140-5990729d784a,1058.7,USD,COMPLETED,2026-07-20 19:28:44.527626+00:00
19c003ea-d6d3-4ddc-adaa-4e9b2daac73d,10813582-82e8-4975-95ff-a1cf925b37cf,85746e2c-361b-4ccc-a221-de78457c6747,1054.21,USD,COMPLETED,2026-07-26 05:07:49.527626+00:00
9a9fd843-cedb-48c4-81ea-3ddded642f9e,ba4b032a-75ef-414c-828f-aac7917849e1,e0c49dc2-333a-4446-b336-ce762207997c,395.86,USD,DECLINED,2026-07-21 17:49:38.527626+00:00
bc794c80-885c-4d00-8f0f-4f3b6fb81cc6,8717903d-f64d-481b-9c5f-da4e5ce22501,9ff89d06-2b42-4074-bdf3-191e48e25f21,479.02,USD,DECLINED,2026-07-27 22:20:51.527626+00:00
9765a6ba-ee22-4bd6-b44d-ae7f4b2e183b,3a6edd17-38c1-46f7-8476-a7e035968c81,09bb2e41-b2bd-4f24-a140-5990729d784a,1098.08,EUR,COMPLETED,2026-07-28 00:20:35.527626+00:00
2a37bc86-8d87-4c67-b81f-f303eb19d454,1e59abcb-01a9-4def-addd-3e5cf3cf5e5f,737a2059-ec01-4fe1-abb4-cda121305369,1014.01,EUR,COMPLETED,2026-07-19 12:26:59.527626+00:00
49bf516e-1397-41f1-9306-35d8fc124bfd,01232d61-a7be-42fd-8d4e-2fe6b1549c93,30ae9169-56f6-45a5-835b-16bf12268d25,43.28,USD,COMPLETED,2026-07-17 00:06:43.527626+00:00
5b1b346f-fbfe-4bad-89e5-ca8d031f8597,9d34d87f-926b-47ef-985e-7cbd9559d6f8,9ff89d06-2b42-4074-bdf3-191e48e25f21,266.23,USD,COMPLETED,2026-07-22 02:47:27.527626+00:00
2bc747e3-0ada-433e-9c24-ebc0782c243c,6a4a743f-23c2-484c-bb91-3dd5d1272915,da6661be-11f2-4fc0-84f1-5ddc8df5cf5d,1004.99,EUR,COMPLETED,2026-07-19 05:32:53.527626+00:00
bed1b497-1d09-45c8-bc64-4fc1e4576d43,eee84023-e24e-4d38-a52c-2edd240bbca1,e0c49dc2-333a-4446-b336-ce762207997c,337.01,EUR,COMPLETED,2026-07-27 00:47:44.527626+00:00
f6cf23bb-3250-4e56-b9ab-f4cdbca86a78,5b86342c-9a85-4767-9560-691beaf96774,da6661be-11f2-4fc0-84f1-5ddc8df5cf5d,472.65,USD,COMPLETED,2026-07-28 02:07:43.527626+00:00
448b5f3b-868e-41fd-8d55-8e40f47e4ca8,463ce9a1-1107-4a34-8388-42d466b702e3,276c0ddc-3874-471d-a008-88a347abb7c5,583.45,EUR,COMPLETED,2026-07-21 20:24:55.527626+00:00
73125c31-46f4-4a64-b7f4-35d9eda1ba6f,ba5ff18d-e7c6-4fc4-9240-8e468057da4f,9ff89d06-2b42-4074-bdf3-191e48e25f21,368.75,USD,COMPLETED,2026-07-28 06:01:11.527626+00:00
67ee5c6d-073f-42c9-a123-989452cfc070,d53f5dbb-eacb-40e7-a458-f9f71d2ff010,fab33a48-6672-407a-a4ed-7c94870a2d38,128.08,EUR,COMPLETED,2026-07-24 23:05:36.527626+00:00
95168e37-7e91-4e14-a029-2e31132d51de,107c8fca-4d27-4df1-ba68-8c13f9259ab2,da6661be-11f2-4fc0-84f1-5ddc8df5cf5d,324.3,EUR,COMPLETED,2026-07-15 12:09:51.527626+00:00
87996aae-beb6-4304-8013-abc1341850b7,454961df-3ef6-44c8-885e-2dd9d2fdf984,30ae9169-56f6-45a5-835b-16bf12268d25,314.5,EUR,PENDING,2026-07-17 10:07:35.527626+00:00
28a5e81c-24ca-4ac8-ba7e-89d86516c079,1e59abcb-01a9-4def-addd-3e5cf3cf5e5f,30ae9169-56f6-45a5-835b-16bf12268d25,389.44,EUR,COMPLETED,2026-07-22 06:00:01.527626+00:00
f169a2e9-7878-4fe4-a838-4d703fe52785,1ab30510-923f-45a5-97ce-ed3dbe331da5,da6661be-11f2-4fc0-84f1-5ddc8df5cf5d,728.65,USD,COMPLETED,2026-07-23 02:23:48.527626+00:00
5c1f5ba1-f14b-46df-b586-6a38767e2788,ba5ff18d-e7c6-4fc4-9240-8e468057da4f,85746e2c-361b-4ccc-a221-de78457c6747,490.09,USD,COMPLETED,2026-07-28 01:05:32.527626+00:00
49e7832b-0eed-4b8c-96d4-28036655599f,107c8fca-4d27-4df1-ba68-8c13f9259ab2,09bb2e41-b2bd-4f24-a140-5990729d784a,344.0,EUR,COMPLETED,2026-07-23 03:06:03.527626+00:00
44184596-35ee-480c-a7b9-46fee8097c83,fb3ab068-a013-4fa3-b645-2e4d1e431a12,da6661be-11f2-4fc0-84f1-5ddc8df5cf5d,117.69,EUR,COMPLETED,2026-07-23 16:47:59.527626+00:00
2b69adcd-a4a3-4df2-a703-9e38f831e2f2,0f921cca-ccb9-42a6-a4bd-21d29500e206,fab33a48-6672-407a-a4ed-7c94870a2d38,53.6,EUR,COMPLETED,2026-07-20 23:30:04.527626+00:00
7f308603-06dc-42ae-a891-efae76cf3208,ba4b032a-75ef-414c-828f-aac7917849e1,85746e2c-361b-4ccc-a221-de78457c6747,580.91,USD,COMPLETED,2026-07-25 21:18:12.527626+00:00
ee6c1601-80b7-4d3b-a991-df31ce06a5f5,9d34d87f-926b-47ef-985e-7cbd9559d6f8,85746e2c-361b-4ccc-a221-de78457c6747,928.18,USD,PENDING,2026-07-22 17:05:02.527626+00:00
dfb8490e-954c-4a67-96ab-ea0cb142be4a,0f921cca-ccb9-42a6-a4bd-21d29500e206,9ff89d06-2b42-4074-bdf3-191e48e25f21,659.98,EUR,PENDING,2026-07-23 17:11:41.527626+00:00
9f75e249-09b4-4a74-9527-7f21963a0df3,5eb5e2b5-f8f7-46ba-b9af-1699d67fe647,da6661be-11f2-4fc0-84f1-5ddc8df5cf5d,517.93,USD,COMPLETED,2026-07-20 19:32:29.527626+00:00
418bf5b4-8757-4f06-8207-f6ef1e0e0edd,10813582-82e8-4975-95ff-a1cf925b37cf,da6661be-11f2-4fc0-84f1-5ddc8df5cf5d,46.62,USD,COMPLETED,2026-07-15 00:05:25.527626+00:00
b8b99958-2ea2-453c-a0c5-e13b6362a5a0,10813582-82e8-4975-95ff-a1cf925b37cf,da6661be-11f2-4fc0-84f1-5ddc8df5cf5d,873.4,USD,COMPLETED,2026-07-25 22:02:50.527626+00:00
d9b5c134-dab2-4ab5-991f-75f8027800d9,11076a01-61f8-420e-b913-a04709e0a689,737a2059-ec01-4fe1-abb4-cda121305369,576.0,USD,DECLINED,2026-07-27 11:11:41.527626+00:00
dbdb9ceb-7ecd-4504-817e-d183f2ad7fa7,fb3ab068-a013-4fa3-b645-2e4d1e431a12,85746e2c-361b-4ccc-a221-de78457c6747,870.01,EUR,COMPLETED,2026-07-16 04:27:44.527626+00:00
abb88a2d-70fa-4234-b346-b0e23fe0cbc2,29e362a0-5c38-4b14-8885-5e10c8c582b8,09bb2e41-b2bd-4f24-a140-5990729d784a,417.49,EUR,DECLINED,2026-07-20 01:10:31.527626+00:00
fa06bb07-a610-43a0-a150-54f4b99b36eb,a13dd77f-79d2-42b7-859e-72a829924748,09bb2e41-b2bd-4f24-a140-5990729d784a,545.14,EUR,DECLINED,2026-07-24 01:13:34.527626+00:00
47b03bfc-09e2-43ac-b6a1-cdad303e21e2,5eb5e2b5-f8f7-46ba-b9af-1699d67fe647,85746e2c-361b-4ccc-a221-de78457c6747,677.17,USD,PENDING,2026-07-24 13:00:42.527626+00:00
30c5e228-6e60-4ce6-bd4d-6bfb84caeedc,0cd2dd71-db27-4825-9cfc-7d58ef5002a9,30ae9169-56f6-45a5-835b-16bf12268d25,1013.09,EUR,COMPLETED,2026-07-22 15:14:35.527626+00:00
148078eb-3f0d-459d-9e8d-628a34a692cd,8da2480d-0883-4de9-b9d0-731028f99356,05864149-9bc5-49f3-8451-20c47f1bb25f,414.6,EUR,COMPLETED,2026-07-15 09:51:45.527626+00:00
4207824a-625c-47ff-b360-de06e6f17e06,11076a01-61f8-420e-b913-a04709e0a689,05864149-9bc5-49f3-8451-20c47f1bb25f,205.37,USD,COMPLETED,2026-07-15 07:47:56.527626+00:00
0ff6a73d-8bb5-45ba-996d-4ec25590aed8,8a5fc77b-73be-4eec-a24e-0da53eadad82,da6661be-11f2-4fc0-84f1-5ddc8df5cf5d,853.71,USD,PENDING,2026-07-24 05:38:56.527626+00:00
59856def-0a6c-42cc-84e7-142cb0fa767f,fb3ab068-a013-4fa3-b645-2e4d1e431a12,30ae9169-56f6-45a5-835b-16bf12268d25,497.92,EUR,PENDING,2026-07-25 14:28:40.527626+00:00
96cd52fb-ef85-4c6c-8a6b-96f65b017409,dce623a0-18e2-4e18-883e-8f33a08156ab,09bb2e41-b2bd-4f24-a140-5990729d784a,620.47,USD,DECLINED,2026-07-17 22:29:30.527626+00:00
b512f360-85dc-4220-836c-02dd862ea9ea,29e362a0-5c38-4b14-8885-5e10c8c582b8,276c0ddc-3874-471d-a008-88a347abb7c5,858.29,EUR,COMPLETED,2026-07-22 02:16:47.527626+00:00
f71eb78a-d178-4766-8952-8868320d13fc,eee84023-e24e-4d38-a52c-2edd240bbca1,276c0ddc-3874-471d-a008-88a347abb7c5,1074.19,EUR,COMPLETED,2026-07-28 02:25:31.527626+00:00
32bd04bc-79ac-49e0-973c-e55a78a07167,a13dd77f-79d2-42b7-859e-72a829924748,276c0ddc-3874-471d-a008-88a347abb7c5,878.92,EUR,COMPLETED,2026-07-23 18:56:59.527626+00:00
4e505d5a-a036-43c2-8ec3-c74d4eb0312b,ba4b032a-75ef-414c-828f-aac7917849e1,85746e2c-361b-4ccc-a221-de78457c6747,946.71,USD,COMPLETED,2026-07-21 23:07:47.527626+00:00
e693e99b-ebb4-450f-be6e-bf217f6660cd,d7a9ce38-189f-44f0-b9b3-8e7d9f59eba8,da6661be-11f2-4fc0-84f1-5ddc8df5cf5d,743.73,EUR,COMPLETED,2026-07-23 22:32:44.527626+00:00
caeba980-7030-4aad-9a79-265e7efb45c6,80a415b5-9a7c-4dbe-abe7-85d4ee143d64,09bb2e41-b2bd-4f24-a140-5990729d784a,759.5,EUR,COMPLETED,2026-07-25 12:26:08.527626+00:00
3700136a-b37d-4e50-8d7a-ec271c8caaf7,2b3fa2ee-08ac-4922-84e1-004e532017a6,e0c49dc2-333a-4446-b336-ce762207997c,514.85,USD,DECLINED,2026-07-26 02:15:35.527626+00:00
7768427d-b2a3-4233-ae17-aeda0e368284,10813582-82e8-4975-95ff-a1cf925b37cf,85746e2c-361b-4ccc-a221-de78457c6747,481.22,USD,COMPLETED,2026-07-21 21:16:42.527626+00:00
0dc2819a-1947-47bd-8b5b-3930f60edd38,8a5fc77b-73be-4eec-a24e-0da53eadad82,85746e2c-361b-4ccc-a221-de78457c6747,41.04,USD,DECLINED,2026-07-15 06:02:04.527626+00:00
bf231f86-fb51-4c4f-b6de-13891dfdf186,129191fb-fe7f-456a-8158-b008756224f8,30ae9169-56f6-45a5-835b-16bf12268d25,518.82,USD,COMPLETED,2026-07-28 02:52:00.527626+00:00
ba739197-1b30-48bc-a879-28f3779da3e6,0f921cca-ccb9-42a6-a4bd-21d29500e206,fab33a48-6672-407a-a4ed-7c94870a2d38,1063.26,EUR,DECLINED,2026-07-25 04:51:44.527626+00:00
5e026c25-d06e-49e7-9a8b-848da8669908,5b86342c-9a85-4767-9560-691beaf96774,85746e2c-361b-4ccc-a221-de78457c6747,140.46,USD,PENDING,2026-07-22 06:11:19.527626+00:00
0dce2911-2be0-45ea-be8e-8ae084df3b86,dce623a0-18e2-4e18-883e-8f33a08156ab,da6661be-11f2-4fc0-84f1-5ddc8df5cf5d,663.01,USD,COMPLETED,2026-07-23 14:11:32.527626+00:00
4d49e4e4-db71-4ee3-a38e-1f64357908d2,ba4b032a-75ef-414c-828f-aac7917849e1,737a2059-ec01-4fe1-abb4-cda121305369,462.5,USD,COMPLETED,2026-07-22 19:55:32.527626+00:00
964d3c47-d076-4c7d-b379-4fc0cfb35a96,2b3fa2ee-08ac-4922-84e1-004e532017a6,e0c49dc2-333a-4446-b336-ce762207997c,654.96,USD,PENDING,2026-07-23 18:18:21.527626+00:00
aabf12c4-b528-498b-a076-239f577e7651,0cd2dd71-db27-4825-9cfc-7d58ef5002a9,737a2059-ec01-4fe1-abb4-cda121305369,240.45,EUR,COMPLETED,2026-07-21 14:48:52.527626+00:00
73b0c03d-acaf-401e-8e1b-b2cc59b4e009,10813582-82e8-4975-95ff-a1cf925b37cf,da6661be-11f2-4fc0-84f1-5ddc8df5cf5d,706.95,USD,PENDING,2026-07-19 07:24:11.527626+00:00
2f718031-fb10-42f3-9223-040d34db476e,6a4a743f-23c2-484c-bb91-3dd5d1272915,e0c49dc2-333a-4446-b336-ce762207997c,810.63,EUR,COMPLETED,2026-07-27 09:44:22.527626+00:00
3d34d604-eb84-4d1c-b2ae-f447ea2dfe08,11076a01-61f8-420e-b913-a04709e0a689,737a2059-ec01-4fe1-abb4-cda121305369,748.82,USD,COMPLETED,2026-07-20 09:10:02.527626+00:00
c687ef37-d700-4660-99ae-8721b5a558c3,0cd2dd71-db27-4825-9cfc-7d58ef5002a9,05864149-9bc5-49f3-8451-20c47f1bb25f,947.2,EUR,COMPLETED,2026-07-23 05:11:54.527626+00:00
229b0ac4-6cb7-4a8f-b8c4-1d3164839032,5eb5e2b5-f8f7-46ba-b9af-1699d67fe647,276c0ddc-3874-471d-a008-88a347abb7c5,1024.37,USD,DECLINED,2026-07-25 18:47:30.527626+00:00
f00a0cec-0f33-4b6c-8933-5e1da4a386ea,eee84023-e24e-4d38-a52c-2edd240bbca1,276c0ddc-3874-471d-a008-88a347abb7c5,239.79,EUR,DECLINED,2026-07-20 13:53:08.527626+00:00
49f15a43-b7b5-485c-9cb3-3224cfe10b9e,d53f5dbb-eacb-40e7-a458-f9f71d2ff010,9ff89d06-2b42-4074-bdf3-191e48e25f21,750.44,EUR,DECLINED,2026-07-17 07:05:18.527626+00:00
b1c4c24c-03e5-4161-8313-dff466f35372,9d34d87f-926b-47ef-985e-7cbd9559d6f8,09bb2e41-b2bd-4f24-a140-5990729d784a,787.23,USD,PENDING,2026-07-19 12:35:40.527626+00:00
c0f4a0c8-b47f-4526-b524-91bd666c44f2,057f08e8-185e-48af-8310-a82360b7dfe0,276c0ddc-3874-471d-a008-88a347abb7c5,553.8,EUR,PENDING,2026-07-27 18:29:35.527626+00:00
3da49d31-4b47-4688-a49a-679b901184bd,1ab30510-923f-45a5-97ce-ed3dbe331da5,30ae9169-56f6-45a5-835b-16bf12268d25,614.51,USD,DECLINED,2026-07-23 06:42:00.527626+00:00
bdca905d-ecbb-4623-a7cb-070ada5a692a,d53f5dbb-eacb-40e7-a458-f9f71d2ff010,05864149-9bc5-49f3-8451-20c47f1bb25f,48.83,EUR,DECLINED,2026-07-18 20:32:18.527626+00:00
baa5b2ac-3eec-42f4-aa67-5d7f086240bb,9d34d87f-926b-47ef-985e-7cbd9559d6f8,30ae9169-56f6-45a5-835b-16bf12268d25,658.14,USD,COMPLETED,2026-07-25 02:42:29.527626+00:00
de993a83-8e6b-4fd5-aa18-480d9c98ffb7,eee84023-e24e-4d38-a52c-2edd240bbca1,9ff89d06-2b42-4074-bdf3-191e48e25f21,263.7,EUR,COMPLETED,2026-07-23 06:44:53.527626+00:00
bcb0f1ec-ff2d-4972-b2f7-6f4820f468f4,129191fb-fe7f-456a-8158-b008756224f8,30ae9169-56f6-45a5-835b-16bf12268d25,101.59,USD,COMPLETED,2026-07-24 16:24:00.527626+00:00
5c8e273b-8c93-41c7-9218-ab333bea77c3,dce623a0-18e2-4e18-883e-8f33a08156ab,09bb2e41-b2bd-4f24-a140-5990729d784a,132.17,USD,COMPLETED,2026-07-19 21:01:27.527626+00:00
8083b8fb-c331-4215-98c2-817f036efa86,8a5fc77b-73be-4eec-a24e-0da53eadad82,30ae9169-56f6-45a5-835b-16bf12268d25,790.63,USD,PENDING,2026-07-15 08:22:20.527626+00:00
479924a5-7b31-400f-9c5d-8e22b3a2d8e8,a13dd77f-79d2-42b7-859e-72a829924748,fab33a48-6672-407a-a4ed-7c94870a2d38,428.38,EUR,PENDING,2026-07-22 16:05:02.527626+00:00
84a62fee-783a-48c9-91d6-023c14f280ee,9d34d87f-926b-47ef-985e-7cbd9559d6f8,276c0ddc-3874-471d-a008-88a347abb7c5,576.86,USD,DECLINED,2026-07-21 16:50:28.527626+00:00
61accdfe-d977-4a83-a81a-2d16e058ff29,ba5ff18d-e7c6-4fc4-9240-8e468057da4f,30ae9169-56f6-45a5-835b-16bf12268d25,540.98,USD,COMPLETED,2026-07-16 05:51:31.527626+00:00
55921357-b8fa-4543-aff6-e1d35d39087a,454961df-3ef6-44c8-885e-2dd9d2fdf984,85746e2c-361b-4ccc-a221-de78457c6747,25.4,EUR,DECLINED,2026-07-18 02:04:36.527626+00:00
9848b71e-005c-46bf-85f2-7c21937c67cb,057f08e8-185e-48af-8310-a82360b7dfe0,737a2059-ec01-4fe1-abb4-cda121305369,175.51,EUR,PENDING,2026-07-20 05:51:32.527626+00:00
1c3996c9-52f1-49ae-9e47-32f0bfc4742a,a13dd77f-79d2-42b7-859e-72a829924748,9ff89d06-2b42-4074-bdf3-191e48e25f21,1167.88,EUR,PENDING,2026-07-28 04:42:56.527626+00:00
4e41d7c0-07ba-418c-84e5-477dc57955f2,dce623a0-18e2-4e18-883e-8f33a08156ab,30ae9169-56f6-45a5-835b-16bf12268d25,278.21,USD,COMPLETED,2026-07-24 19:17:19.527626+00:00
98cc0b3e-5023-4fe2-aae3-38f01ddb1fdb,129191fb-fe7f-456a-8158-b008756224f8,fab33a48-6672-407a-a4ed-7c94870a2d38,433.39,USD,DECLINED,2026-07-21 04:46:30.527626+00:00
fcfd4f05-1d59-48f8-82fd-7cbc32e3bd65,10813582-82e8-4975-95ff-a1cf925b37cf,e0c49dc2-333a-4446-b336-ce762207997c,698.31,USD,COMPLETED,2026-07-18 16:23:12.527626+00:00
dae4fd7a-b681-4c3b-9c33-8d457abc0283,dce623a0-18e2-4e18-883e-8f33a08156ab,e0c49dc2-333a-4446-b336-ce762207997c,556.57,USD,COMPLETED,2026-07-21 05:27:21.527626+00:00
00e7ddf8-3302-4e74-bbd6-a1d22cee6f41,d7a9ce38-189f-44f0-b9b3-8e7d9f59eba8,da6661be-11f2-4fc0-84f1-5ddc8df5cf5d,542.57,EUR,PENDING,2026-07-24 07:12:02.527626+00:00
b87f1b74-17bd-4e42-bb60-d81b1699a2cd,8717903d-f64d-481b-9c5f-da4e5ce22501,09bb2e41-b2bd-4f24-a140-5990729d784a,1015.96,USD,COMPLETED,2026-07-16 10:06:18.527626+00:00
a846c752-9f03-4bf7-b64e-b4902afeca85,80a415b5-9a7c-4dbe-abe7-85d4ee143d64,276c0ddc-3874-471d-a008-88a347abb7c5,264.97,EUR,COMPLETED,2026-07-16 01:24:14.527626+00:00
bb79d13a-d39e-4760-ae9c-ea4c90b43176,1e59abcb-01a9-4def-addd-3e5cf3cf5e5f,9ff89d06-2b42-4074-bdf3-191e48e25f21,312.14,EUR,COMPLETED,2026-07-27 16:06:56.527626+00:00
878c83ef-1daf-43ce-afb5-f52eea706bd9,10813582-82e8-4975-95ff-a1cf925b37cf,fab33a48-6672-407a-a4ed-7c94870a2d38,735.62,USD,PENDING,2026-07-15 08:19:47.527626+00:00
beb45108-686c-4b9c-bc60-4efd1f10d3ce,eee84023-e24e-4d38-a52c-2edd240bbca1,fab33a48-6672-407a-a4ed-7c94870a2d38,1062.23,EUR,COMPLETED,2026-07-22 20:42:48.527626+00:00
41530ee3-91d7-4776-834c-10873e59f409,097f191a-76c0-4acb-889e-762e5f392a96,e0c49dc2-333a-4446-b336-ce762207997c,218.08,EUR,COMPLETED,2026-07-20 10:25:44.527626+00:00
d1a38ec6-19af-459d-9fbf-e15cf04ec661,d7a9ce38-189f-44f0-b9b3-8e7d9f59eba8,9ff89d06-2b42-4074-bdf3-191e48e25f21,190.35,EUR,COMPLETED,2026-07-15 13:40:52.527626+00:00
404dba7b-6fe8-448c-8d34-825a7801b5c9,1e59abcb-01a9-4def-addd-3e5cf3cf5e5f,05864149-9bc5-49f3-8451-20c47f1bb25f,964.54,EUR,DECLINED,2026-07-24 01:34:37.527626+00:00
1f7c8bb1-79ea-42cf-a5d7-4476b0245375,8717903d-f64d-481b-9c5f-da4e5ce22501,276c0ddc-3874-471d-a008-88a347abb7c5,21.92,USD,PENDING,2026-07-25 02:29:28.527626+00:00
f7a3f7da-14c9-4847-8a45-7dcfb92df338,454961df-3ef6-44c8-885e-2dd9d2fdf984,85746e2c-361b-4ccc-a221-de78457c6747,36.89,EUR,PENDING,2026-07-16 22:55:30.527626+00:00
d21e2344-008c-4ec8-9d47-60973ae2b59f,463ce9a1-1107-4a34-8388-42d466b702e3,da6661be-11f2-4fc0-84f1-5ddc8df5cf5d,24.3,EUR,COMPLETED,2026-07-25 16:03:21.527626+00:00
63bbb758-b857-4e23-b187-59b6c455ad63,5eb5e2b5-f8f7-46ba-b9af-1699d67fe647,30ae9169-56f6-45a5-835b-16bf12268d25,356.83,USD,COMPLETED,2026-07-16 01:05:45.527626+00:00
8cf0e8b1-0177-461a-830d-3d07e57c0207,454961df-3ef6-44c8-885e-2dd9d2fdf984,737a2059-ec01-4fe1-abb4-cda121305369,527.97,EUR,COMPLETED,2026-07-19 03:02:40.527626+00:00
890c5f62-629b-4ca9-8062-6977e5b94efe,d7a9ce38-189f-44f0-b9b3-8e7d9f59eba8,fab33a48-6672-407a-a4ed-7c94870a2d38,562.76,EUR,DECLINED,2026-07-26 20:43:55.527626+00:00
e8e97476-501e-4d39-8480-77e2e26eb659,11076a01-61f8-420e-b913-a04709e0a689,fab33a48-6672-407a-a4ed-7c94870a2d38,752.55,USD,DECLINED,2026-07-16 06:50:38.527626+00:00
d2497ebe-f6f4-4f56-88da-c07756afc45a,454961df-3ef6-44c8-885e-2dd9d2fdf984,737a2059-ec01-4fe1-abb4-cda121305369,1188.92,EUR,COMPLETED,2026-07-21 21:19:52.527626+00:00
cccebbde-0b1a-450c-b5a9-ed8ac87ae0b8,8717903d-f64d-481b-9c5f-da4e5ce22501,09bb2e41-b2bd-4f24-a140-5990729d784a,911.15,USD,DECLINED,2026-07-15 08:37:42.527626+00:00
d3346d17-70ca-4fde-b362-2e55be4c006b,29e362a0-5c38-4b14-8885-5e10c8c582b8,9ff89d06-2b42-4074-bdf3-191e48e25f21,412.62,EUR,PENDING,2026-07-20 19:45:55.527626+00:00
572a4afd-0a67-4fe6-a5a7-9c430f06a123,5eb5e2b5-f8f7-46ba-b9af-1699d67fe647,09bb2e41-b2bd-4f24-a140-5990729d784a,362.01,USD,COMPLETED,2026-07-16 04:40:45.527626+00:00
2c7d3dd8-83d7-4c7d-80f4-6d6d2ffbcd28,8a5fc77b-73be-4eec-a24e-0da53eadad82,276c0ddc-3874-471d-a008-88a347abb7c5,667.02,USD,DECLINED,2026-07-21 23:31:20.527626+00:00
49868e32-65c3-4308-884a-28d194645ef4,d7a9ce38-189f-44f0-b9b3-8e7d9f59eba8,30ae9169-56f6-45a5-835b-16bf12268d25,557.09,EUR,DECLINED,2026-07-21 19:46:10.527626+00:00
71ff736f-8c01-4e15-ac4b-1a2c23b265cb,5eb5e2b5-f8f7-46ba-b9af-1699d67fe647,9ff89d06-2b42-4074-bdf3-191e48e25f21,779.48,USD,COMPLETED,2026-07-17 21:11:14.527626+00:00
e696ff54-ccad-41af-9f0b-12f6680f7f07,8da2480d-0883-4de9-b9d0-731028f99356,e0c49dc2-333a-4446-b336-ce762207997c,960.3,EUR,DECLINED,2026-07-26 07:28:53.527626+00:00
bbe04d78-6af3-4fbc-b4ee-16f580dc5d6b,10813582-82e8-4975-95ff-a1cf925b37cf,05864149-9bc5-49f3-8451-20c47f1bb25f,223.32,USD,COMPLETED,2026-07-15 05:03:50.527626+00:00
bdb9cc12-86f2-434d-98ed-4966a15321ca,097f191a-76c0-4acb-889e-762e5f392a96,e0c49dc2-333a-4446-b336-ce762207997c,173.33,EUR,PENDING,2026-07-25 01:36:13.527626+00:00
0dc9376f-6c7e-48bd-934a-bb4016b6e7d9,10813582-82e8-4975-95ff-a1cf925b37cf,e0c49dc2-333a-4446-b336-ce762207997c,597.25,USD,COMPLETED,2026-07-19 16:26:38.527626+00:00
a73907d7-3b5d-4482-a6f5-5e05d5edc10c,10813582-82e8-4975-95ff-a1cf925b37cf,e0c49dc2-333a-4446-b336-ce762207997c,399.07,USD,PENDING,2026-07-25 17:31:50.527626+00:00
48f4242e-00b1-4ea9-965a-23326fb80f70,11076a01-61f8-420e-b913-a04709e0a689,85746e2c-361b-4ccc-a221-de78457c6747,508.53,USD,COMPLETED,2026-07-26 02:24:12.527626+00:00
808adfaf-dc6b-4ec1-a0f4-8b5ba07fdd4b,11076a01-61f8-420e-b913-a04709e0a689,9ff89d06-2b42-4074-bdf3-191e48e25f21,946.07,USD,COMPLETED,2026-07-24 22:05:51.527626+00:00
3280e6a6-07ca-4ca3-b1e5-4e6aa3b63ab1,dce623a0-18e2-4e18-883e-8f33a08156ab,05864149-9bc5-49f3-8451-20c47f1bb25f,573.89,USD,COMPLETED,2026-07-22 06:53:27.527626+00:00
08ce0706-cee9-44a9-b9d8-1c55dde5f533,463ce9a1-1107-4a34-8388-42d466b702e3,e0c49dc2-333a-4446-b336-ce762207997c,691.94,EUR,COMPLETED,2026-07-15 16:10:42.527626+00:00
36a077da-3ab0-42c9-a377-f3aff98e4c24,8717903d-f64d-481b-9c5f-da4e5ce22501,737a2059-ec01-4fe1-abb4-cda121305369,983.09,USD,DECLINED,2026-07-26 03:19:29.527626+00:00
